gid,FR,avg_exc,avg_inh,max_exc,max_inh,num_exc,num_inh
0,10,0.005044995963459279,0.005170138215323291,0.008447163902045593,0.009129972461624508,23,23
20,3,0.00488632909468194,0.004765219759470421,0.009577037398615592,0.010526442831641966,25,48
40,0,0.003932162208297564,0.005077433036732118,0.005822793670171826,0.01087187332855866,14,71
60,8,0.0049310091732270075,0.0046735374704092725,0.013390348824457526,0.01069787814894588,47,52
80,2,0.004682272510447567,0.004827265743015426,0.010244462591797336,0.008963794935772136,29,49
100,3,0.004139120886924795,0.0053096796685037535,0.010126861544725342,0.013506627593486156,36,45
120,4,0.00473155269332883,0.004981488640738524,0.008773419405091302,0.010064539183028591,13,25
140,14,0.005327116484207707,0.004887245526528142,0.012833380170720244,0.0104055287588816,41,33
160,11,0.004988681175692622,0.0051188940282081725,0.010883129844055,0.009891281286301692,44,33
180,0,0.005287686924667474,0.005382111786909576,0.008876033619644017,0.01705048490790789,14,80
200,4,0.005819216854303419,0.005576588170605468,0.012401261723209524,0.010428469860155108,22,45
220,8,0.005600444263028754,0.005282276009178864,0.016990964657725573,0.016308112350417237,29,38
240,8,0.005366816354192148,0.004268461362061197,0.01159912739030278,0.009244804962081752,24,22
260,6,0.004657261424721465,0.005273274125535144,0.008838705642295034,0.012684537661071405,27,45
280,4,0.005047531258512804,0.004598846678468921,0.009234038956279406,0.007570936790280417,17,39
300,8,0.00493913809064756,0.004920743268079435,0.009838165923673522,0.01445735206198378,42,54
320,1,0.005202514359258852,0.004793814899398628,0.011113149046968794,0.009521121413359108,20,48
340,1,0.0057915879507090245,0.005119299847442305,0.009106461742205469,0.009808209599288216,12,52
360,3,0.005089926533581061,0.0055567867692068755,0.009642866458372187,0.01617737917371965,14,44
380,3,0.005036880065161993,0.0049565681238621494,0.011346219010152302,0.008970390784693666,31,50
400,2,0.004562162997185286,0.005102288024813753,0.009560057281427621,0.014043396171392056,23,54
420,6,0.004568341343411355,0.004886278828088357,0.013141597787995764,0.010763496626576136,26,49
440,9,0.0055312284911400575,0.005345325847660364,0.009776955398155722,0.01261510462988728,24,36
460,1,0.004841781829375323,0.0050207226647026705,0.010347267352579471,0.009290319713563292,19,47
480,2,0.004695183536655951,0.005427462534293865,0.008711800628148863,0.012134233937891438,27,46
500,2,0.004374656230591546,0.005166275964100211,0.0075069944043147435,0.012997123474368237,23,54
520,2,0.005153114326733885,0.005178089112390529,0.009587073293406084,0.010606732757546629,16,45
540,5,0.004736103727227907,0.005582431266641223,0.0077908580628003,0.010276928806169656,9,23
560,7,0.0048671705039165705,0.0045153169110365,0.008898442554743598,0.008683426740726193,20,41
580,3,0.004450129588953278,0.004437705560293786,0.006996870256536263,0.008106666552537441,22,54
600,2,0.005222248532604779,0.004452297488793502,0.013677594898418586,0.010640419681309828,20,59
620,2,0.004795977327626328,0.004568493572746275,0.0085196528559388,0.011553266592241398,11,46
640,7,0.0049614883363077004,0.004622346469257977,0.01117500066532452,0.008789687573782302,19,36
660,1,0.005778034426837804,0.004921760609548548,0.01071567750355228,0.00804573295183762,16,60
680,10,0.005246852021879919,0.005123012212579724,0.010351686923054992,0.008252834823848034,26,29
700,5,0.005172092777701639,0.005208717315506243,0.008847792099433344,0.009878333223674813,34,49
720,2,0.005140259397452987,0.005131771829098178,0.008866052218671205,0.011352154394346723,20,37
740,6,0.00511599071742476,0.004696938412872833,0.012116054769853344,0.01231656501055707,22,32
760,4,0.004849335924784613,0.004784768064026257,0.008476223444741646,0.01095165701977457,24,35
780,7,0.004996244545549664,0.00497485784492822,0.010161173409914471,0.008025764338461795,21,29
800,6,0.005421241579395854,0.00518034124572746,0.009313672416513204,0.011539471034844012,27,38
820,2,0.004605317767181879,0.005328043233885454,0.010081820337572298,0.012468411560526792,13,36
840,5,0.0045227330687043895,0.005469683457888879,0.0074025894069297375,0.0108406413417184,22,29
860,2,0.004537592958052225,0.004925827138791873,0.007480632301538151,0.008981094606673078,19,37
880,10,0.005212052309687596,0.0048339314699627385,0.009624800804751229,0.009002130111377382,39,39
900,4,0.005063822910554665,0.005477065084458612,0.009039190000073706,0.010487702295147821,20,35
920,5,0.0049012697365016285,0.005350671706110386,0.008603509538949651,0.009628163768103215,21,22
940,4,0.004576788944892321,0.0051624635279342,0.011463099668924712,0.010070383746265827,19,51
960,5,0.00494211903980792,0.004669688349465946,0.00812504392587424,0.008704534443046724,21,33
980,7,0.005997312928505038,0.004957394208240529,0.010445857955808937,0.008950529326789317,16,41
1,4,0.004948231071471298,0.0050118945686271395,0.007587202691059882,0.01125360711776753,15,44
21,6,0.005188316481765674,0.004987147123681986,0.009615151801383831,0.008669750374478128,21,48
41,12,0.004748344813791528,0.0051202446896110535,0.011173206985275906,0.008872651980549463,47,38
61,10,0.00549504907093089,0.004808224410903933,0.011668891947448315,0.0076099001857587705,21,27
81,6,0.005154891216111666,0.0048663967439035285,0.014839389960917609,0.010188967602459229,43,58
101,9,0.005240347720897873,0.005799500935576318,0.011260310808404748,0.012212669395076,39,33
121,1,0.00567071378771301,0.005228365900308789,0.01056063477250424,0.012587681545665528,22,71
141,5,0.004748639272193263,0.004957391614461882,0.01008487459894932,0.010757019022224356,18,17
161,3,0.004746998910069855,0.005320920194677681,0.01193325898817173,0.008726408893300997,15,33
181,7,0.005583470621361057,0.005503926793773075,0.012580042968945384,0.011775981441535148,31,39
201,13,0.0052071183168230185,0.0043339486309837884,0.013031887135489095,0.009905918481782228,44,36
221,5,0.0056362523649260655,0.004831004821432673,0.008873041492648543,0.009913392584493095,15,33
241,3,0.004608554812740193,0.005167756385299809,0.008777535376747863,0.009372741908099069,35,55
261,9,0.004556916595480903,0.005735113395566275,0.010415753941035655,0.01576927186113427,35,31
281,10,0.004864764681247847,0.004825481806966573,0.008116265352418021,0.014149742060063591,36,36
301,0,0.005395756100298277,0.005204598229688707,0.009957647938054268,0.010193260765485228,15,66
321,4,0.006005339390614213,0.0050425724395304315,0.01192637145466862,0.010805790252308212,20,47
341,4,0.005063441758973163,0.005095581917951522,0.010230407791195004,0.009646261355805898,27,55
361,0,0.005129117289201892,0.00501125286781663,0.009731455414545127,0.011936187383280351,17,58
381,4,0.0046347464657012115,0.004820137786566082,0.009087401792243896,0.011887789677532498,28,32
401,2,0.004784008372186223,0.006200192254452115,0.01117258166487262,0.011560960529049,28,31
421,0,0.0045844813736711605,0.005048154162334418,0.0087084500759036,0.013274129006452185,14,76
441,2,0.005295505342448678,0.004837195110278593,0.008914946854199577,0.01180060071648839,33,49
461,6,0.005456266939808647,0.0051340362919106005,0.008323790826831285,0.011110294689705045,21,43
481,2,0.0051317675730021715,0.005183784256095112,0.01463453187681286,0.008984869750894842,16,43
501,5,0.00492116549819451,0.005560317116168448,0.008618779449371538,0.015243196467662253,25,34
521,4,0.004502518165009313,0.004330521348868952,0.00995198950190663,0.012674275304816705,17,23
541,7,0.0046913026942054115,0.005392160697534701,0.00824920590257948,0.008906573978589662,28,31
561,2,0.004783491926246114,0.004825215263179286,0.010360498100502736,0.010077822703894878,9,32
581,4,0.004570522217166739,0.005042582731677658,0.012011020607990513,0.010330904565701241,18,52
601,3,0.004769732423544114,0.004623251359875972,0.01299789246310854,0.008075606840172138,19,35
621,0,0.005533855005660334,0.004919682191534146,0.014272228143209153,0.010393707737894966,23,93
641,6,0.0056233704014836345,0.0054410861832989,0.012099530346415248,0.008739462572727973,22,27
661,3,0.005656692782606605,0.004850263821278448,0.013018068448512951,0.00891247191601488,17,39
681,1,0.005218488397360194,0.0047944292619958775,0.010717854657306805,0.016067124239236338,23,63
701,0,0.0042642065383406815,0.004940655363050239,0.008615616218664381,0.01205182259222629,14,65
721,3,0.004655104928197321,0.004771023137599196,0.007869318241151125,0.008906659437076947,30,51
741,1,0.005452143966773789,0.005170540751073822,0.008240692776239398,0.009462799798207754,22,51
761,2,0.004542863253638769,0.004985678659307387,0.014124268353334178,0.010525578345903829,27,57
781,7,0.005297316864132634,0.005588467636750375,0.013391675936646828,0.01331516013507514,25,29
801,16,0.005337756746500603,0.004727536180891946,0.00873300262476196,0.00822806161193535,26,23
821,0,0.004574790880241748,0.004778372694926272,0.009646001389712696,0.009247493328838572,19,46
841,4,0.0044879206092396035,0.004505699800711998,0.00876625588288088,0.009438173390322784,23,54
861,1,0.004789228285227116,0.005434914073323147,0.008047696213954444,0.010237254105754831,33,56
881,11,0.0052672427704862496,0.0048834449961434575,0.012167208199792952,0.00966904948820884,40,41
901,4,0.005194690337018972,0.005274992589800857,0.009489259753913107,0.01485452093981147,28,58
921,8,0.004905817352554096,0.005210856259325726,0.013680485189123272,0.01113442992119507,24,35
941,15,0.005065463657311912,0.0055096512050563755,0.012101218062311807,0.015340894969781388,50,38
961,5,0.006059921338996185,0.00469689213137011,0.012557331679994857,0.00845466421951963,10,44
981,4,0.005416124236191961,0.004996655143010155,0.010197099494218254,0.011182654652447912,23,40
2,4,0.005613117338038546,0.004991980797007782,0.010578007226311206,0.010788356358940541,18,42
22,3,0.004456134890517337,0.005034926819846366,0.00907431671868862,0.00922320599002939,20,57
42,3,0.005431223821327465,0.005346558549234082,0.008391511510653277,0.009801500501646942,18,45
62,5,0.0047844963965747705,0.00465282182419735,0.011879299178853352,0.0095079220574256,24,49
82,1,0.005180727081571789,0.00572716562619725,0.012050253302966949,0.01612941227089492,10,31
102,4,0.005502538222654061,0.00544496815891504,0.00918306780315333,0.013288963549128513,19,33
122,3,0.004560753596636869,0.004989337161819474,0.008819832072330116,0.008970225277061442,19,32
142,8,0.0050910982712668255,0.004757073736265306,0.008777117060670045,0.008266330035450329,18,25
162,9,0.005610091661085358,0.004593873744550414,0.010385855011055364,0.008753839484074776,23,35
182,4,0.0047149065130979865,0.005112456365146918,0.008865745756344577,0.016936635376798362,19,37
202,0,0.0038283745917406095,0.005182878776907933,0.005211574518825621,0.009608835182538465,13,36
222,6,0.004931343630551963,0.004950412328647943,0.010838888860212992,0.011911951137482795,24,39
242,0,0.005136378879849774,0.005026097360457892,0.008202186983056105,0.011232811258784172,15,62
262,2,0.004740407755534207,0.004582076201857118,0.008437197854253667,0.009967818741112362,18,44
282,6,0.004920673353452719,0.0050805299985333535,0.011237084563876842,0.01320688702802545,31,44
302,9,0.005776288659916472,0.005383520364404536,0.013618046154092362,0.011219442800600143,26,37
322,7,0.0053978585797820324,0.0050251065426257435,0.011089670737901371,0.0144132520560041,23,29
342,8,0.005078862314636236,0.004521596556046543,0.009267344953995452,0.00829000342088322,36,49
362,8,0.005078376672925988,0.0056073561091342225,0.013313557607922836,0.01079209088815533,23,25
382,0,0.005056998549226666,0.004884492470241829,0.008650467875420962,0.009519900639759816,27,50
402,11,0.006205169432251581,0.004724945470940397,0.014651093554956163,0.00871279140671742,23,37
422,11,0.005043895466645803,0.0051115914229434975,0.011357879297718228,0.011184945290955452,33,34
442,12,0.004939117271545451,0.005025030860884625,0.012355963870049686,0.010096824732540245,41,37
462,6,0.005120776909128905,0.00496498931493122,0.009939238534785342,0.010508002322169457,21,38
482,8,0.005131183187637439,0.004604629384402899,0.011871154147104726,0.010458792205774376,43,42
502,4,0.004806801987658158,0.004759854591957597,0.009189815999108574,0.009671763165114323,15,31
522,3,0.005504501637162092,0.00507841575618774,0.007474140737634857,0.009653315630600876,13,44
542,1,0.004770502787687011,0.00494113089576941,0.010876944635414576,0.009583474363261549,14,40
562,2,0.005289406225795093,0.005868867421341832,0.009479417011504123,0.01551960696103379,20,43
582,3,0.004809839521700584,0.004544808071085508,0.00910026094606361,0.009357450724483246,13,35
602,3,0.004530518651359501,0.005601923060054588,0.010722527183272462,0.011557364282906808,17,18
622,3,0.005202182503512379,0.004577491012356279,0.006984930098562618,0.007706162006051669,12,35
642,3,0.0051870800657110435,0.004901810402350652,0.010527231892555328,0.010561335884881827,21,43
662,5,0.005184517224891176,0.005231347740429844,0.008939727806676285,0.013044407594238713,12,28
682,3,0.004672303742615241,0.0054020141123142145,0.009766646203577714,0.013062065419187729,20,47
702,2,0.004654667391024703,0.005038238519201621,0.008482900390910089,0.009626566880054154,18,35
722,3,0.005054144433388222,0.00488416305755295,0.010909055276926595,0.008834015419641643,18,33
742,9,0.00481836960376234,0.004841343400550045,0.008918530999534331,0.012989217176745836,36,30
762,8,0.005002800776551113,0.004345790928424631,0.011835115466775787,0.011749796727704471,22,30
782,5,0.0049871917592036,0.005178937586375575,0.00976836674137791,0.009256772641017205,30,43
802,5,0.005229023565800046,0.005147952691109621,0.013525574103991982,0.009108698523690914,22,55
822,7,0.00504565169175953,0.005674597138100797,0.01170103509687811,0.011784369047877618,23,26
842,8,0.005066130454244385,0.0052226003606869395,0.009297722748714043,0.01294056911404314,23,32
862,3,0.00491289594089499,0.0052470581998757745,0.007919391506465671,0.012749215201028728,15,37
882,17,0.00526795533832633,0.004484397572763676,0.010596759288025434,0.008885533680126362,38,28
902,12,0.00450699341534519,0.005129441810930032,0.008844476480053199,0.010128520110569484,39,20
922,13,0.0048321679481938854,0.004758547811556043,0.009690629722045088,0.013050674168832394,29,32
942,6,0.005123140606196456,0.005044278097167375,0.013158304652573708,0.012193225355294265,37,41
962,9,0.00504339162226626,0.005074231948666586,0.013417859446380513,0.00950314395295066,46,39
982,2,0.004378286170610585,0.0051485673147698505,0.0067137143381392535,0.01324503407821902,19,38
3,9,0.0052129849682507464,0.005323954463573484,0.01253654506387681,0.010287583913111315,29,29
23,15,0.0053483066605567505,0.0043666996038353645,0.008967678916240144,0.0063604258319529105,25,27
43,12,0.005222533026269661,0.004922564677590168,0.01023776103871067,0.010682999207272007,23,24
63,10,0.005841767257213401,0.004841809107337348,0.011707435559727246,0.010425171557329131,35,47
83,1,0.004141477148541049,0.005284106089758724,0.007260227732458283,0.011995768312833206,8,43
103,12,0.005313603965254247,0.004919707362159097,0.011128537675885692,0.010592367515505905,24,21
123,6,0.0047440405291732215,0.005138601106728457,0.008079659226775645,0.008946541518407415,31,40
143,14,0.004799575686048451,0.004777691076142294,0.011476447731772723,0.013694539242555972,33,26
163,6,0.0056757899106787395,0.004793280851179332,0.008192198741725281,0.008560197577748471,22,44
183,2,0.004579658168411175,0.00516826612264739,0.01288261464812616,0.014643125915561363,31,49
203,6,0.004856357323035317,0.004437741793785264,0.009584442405419051,0.00914754972808418,29,40
223,1,0.004173466789164565,0.00494264719388559,0.0073334233731574905,0.009384634416926598,12,38
243,5,0.005775683746080867,0.0046694244899791685,0.011210115682635649,0.01052717177572945,25,48
263,4,0.005217699727778704,0.0047998985742901245,0.012836567534466752,0.013016648920521977,28,70
283,12,0.005426798910419914,0.004472041478784431,0.014439845960888356,0.008238114389434852,30,44
303,3,0.005172583533548568,0.005348461728854453,0.009137449041505786,0.011100674253934224,17,39
323,16,0.004870035018251878,0.005135568007981717,0.009728428208033232,0.011031606223213423,36,23
343,2,0.005710704919875193,0.004730471479549442,0.00929033947415043,0.0169965648324611,13,47
363,3,0.00527316460205416,0.004733593734296843,0.011233342570529072,0.010076909887659741,19,63
383,2,0.003992880755696322,0.004750658475508353,0.005531426621799136,0.008747941223477572,22,36
403,0,0.004905191611025186,0.004709424746735351,0.009695396897052318,0.012721025827718044,24,71
423,0,0.00437040290539854,0.00501472520399068,0.00785934750923002,0.011484392460611956,13,69
443,7,0.0059671444177924315,0.004864707235655048,0.011926509357338369,0.010723489628121223,11,25
463,1,0.004929326688158935,0.005605507882716264,0.006993395416809324,0.013483710051744695,11,54
483,5,0.004604866771115028,0.004454856587771471,0.009028019497295007,0.006766816292851727,27,36
503,9,0.0053131934300078044,0.005157930101427813,0.012328257024570495,0.015786737172177153,56,48
523,3,0.005151296994387517,0.005387134850563626,0.007840687106855662,0.012622508834363631,19,37
543,10,0.0047016941405594904,0.00462091201044231,0.009264123185384802,0.007337870947087425,48,26
563,5,0.005545996817929596,0.0051556902998169405,0.01007078784397608,0.009515155250647988,21,39
583,19,0.005555333299072122,0.004528636567066138,0.011625728991226802,0.008056712495730612,45,29
603,6,0.005864781837045786,0.005431087036523472,0.011207141372216765,0.010144189913813238,19,41
623,6,0.005358128888798265,0.00480907694518109,0.01109058945545155,0.01122500985995847,23,54
643,10,0.00504854076444366,0.004521983514227321,0.008748650597931966,0.009048735727012279,21,26
663,0,0.005348359552894874,0.005255880239698707,0.009218794659987824,0.012980388610002645,22,73
683,7,0.0055659386666056295,0.004926756598310586,0.011167964810287107,0.00970704681087392,25,33
703,2,0.004851511213382405,0.005283643546338808,0.008553683326303841,0.011332648906476095,17,42
723,10,0.00531040611802016,0.005088994731433371,0.010195002087375858,0.010275029715604766,45,38
743,6,0.006513015157089482,0.004694704870134653,0.014352209679460784,0.009795514719212443,18,61
763,3,0.004728831838912082,0.005160774272265064,0.008744961896657015,0.014758172002192526,21,39
783,0,0.00598140391989718,0.00484586593067626,0.009520070997743027,0.011479498178595707,12,70
803,4,0.004986000124476579,0.004976835944537058,0.010198081283771991,0.009715516586593885,34,41
823,8,0.0059039062989240535,0.004217593776409758,0.01923807512375125,0.0076280089917924124,21,35
843,9,0.005727008751138148,0.004461642422410545,0.011988719601311686,0.008740609469852216,23,38
863,1,0.004914169953748235,0.0054840699996422096,0.007655579166458794,0.011276833873863544,10,40
883,5,0.005046540144937518,0.004898678852617715,0.010615810112465695,0.011796162361783769,25,47
903,8,0.005422859604700834,0.004744466354348091,0.010160581646411556,0.011136144895222569,25,50
923,13,0.005083978391310459,0.004695094024321522,0.00926974680224056,0.010474958879509728,43,29
943,1,0.004698316234147582,0.005267812332318374,0.012873400015965592,0.009416708259440751,19,48
963,10,0.005651874379986986,0.0042715986403548175,0.009606303363693395,0.011012937289987609,22,30
983,1,0.0048688382758141436,0.004962302576724543,0.007870714729703306,0.012351337443975706,12,37
4,4,0.0053015214619567715,0.004743927546574887,0.009872711154873736,0.010130713155984758,28,70
24,8,0.005046987348721621,0.005794616970867584,0.011416730828995034,0.011272535531343943,21,30
44,9,0.0051569932451687025,0.005120378061928156,0.016082042140431144,0.0098661784628451,22,29
64,3,0.005379589481664645,0.00536834750981834,0.010234822703092974,0.010998807964458,38,68
84,4,0.005397219232919574,0.005481866914726065,0.009365136861542141,0.013561134523298048,25,45
104,0,0.004619057939191804,0.004505559791121897,0.00787291888863963,0.013122780421809838,9,64
124,5,0.004909359235159771,0.005275595194181929,0.007968849733290857,0.01180703493262083,17,43
144,2,0.005021995965427639,0.004760875781304687,0.010433887421680678,0.008673742330158279,36,59
164,8,0.004699872195256525,0.005445182150911385,0.012393128976160229,0.014572882594980515,32,40
184,0,0.004763821368813538,0.004951326053313793,0.010038665977908336,0.012409270705186562,37,84
204,1,0.005074671231416265,0.0050204368063228345,0.008628120694026388,0.010769854700509313,20,50
224,14,0.004709249789786181,0.004795523074869912,0.011432627062381894,0.011154915586452643,44,23
244,3,0.0052887834947694745,0.00501820188259413,0.008084750274984004,0.012752204453258205,14,28
264,6,0.007029285765170747,0.0050534333408219926,0.010629680060249431,0.009071615515241944,9,26
284,9,0.005807797538896084,0.005431532085740121,0.009921176486240794,0.011647761702288165,32,32
304,1,0.005008961957779848,0.004793663059957618,0.009824433933748558,0.009338098490759469,18,88
324,8,0.005368638325678092,0.0049218772728589705,0.008010951168338906,0.019436437263925774,27,36
344,5,0.0048724874881305785,0.004956756313829768,0.012062096162248957,0.010931804110155915,33,43
364,8,0.005598649923122917,0.004682586628097838,0.014794383348085447,0.008990938536705968,29,36
384,3,0.004376579136308611,0.00505961358487958,0.007273095577254829,0.009585388851148686,11,44
404,0,0.004753433477715453,0.005278827950706371,0.0065239192002725,0.010718875506098137,12,51
424,11,0.005179129383287293,0.004980704051490612,0.010098941372819671,0.009393849497553824,30,27
444,6,0.004810838047258428,0.005638207103731034,0.010922240540087535,0.01781753582353236,37,51
464,7,0.004855152335571271,0.0056746407774354215,0.012378236275930429,0.013998300453706728,24,28
484,10,0.004868254235731435,0.005044233570590011,0.008888376917090489,0.011481854883457258,26,35
504,12,0.004507875791435958,0.005140158440727661,0.009359504113684334,0.010728012905451148,43,28
524,12,0.004777697676760485,0.004378247452484232,0.010818154054274966,0.008352570178349025,38,33
544,6,0.004823954692792639,0.004717622585548654,0.012245991993464643,0.009851470301210618,25,45
564,7,0.005561567743480211,0.005555519174470918,0.00819719629197219,0.016087000551153405,23,36
584,9,0.00472444490304193,0.0047505412782483545,0.007924376508855807,0.009655154087279856,28,44
604,0,0.0051976478334771,0.0051445272578071796,0.009006855702547873,0.009382388421700095,18,61
624,10,0.005180247777547251,0.004362042393741347,0.009194355951988285,0.009391572169092362,29,36
644,1,0.004358592770879739,0.0057999663163956425,0.009780699492442872,0.015915246023143856,23,60
664,3,0.004755003816297161,0.005032211399506079,0.008484876057053605,0.009398087393423224,13,60
684,11,0.005643255755059553,0.004961679296009665,0.012710835922973366,0.01274544953581582,31,45
704,11,0.005358503560514177,0.005446067394643588,0.010085535241731449,0.0114396698273871,28,31
724,0,0.004902222741526933,0.004911144877720775,0.01023053070145728,0.014060096654977436,13,61
744,3,0.005576180369815467,0.004860671781380613,0.009780480195399822,0.012240265527872772,19,46
764,13,0.005010142615144425,0.0050985562921438245,0.012671105684890709,0.009866730958573752,64,50
784,4,0.004979151375024944,0.004794217231510337,0.011298498099984329,0.009606718813416034,13,36
804,19,0.005060307459188925,0.004562899493006808,0.010143027983312259,0.007585983106164256,42,30
824,3,0.00468945745536019,0.005486199206636928,0.008792232342536852,0.013173299934788295,28,44
844,3,0.005205599376423526,0.0052218022090034615,0.015339447222961248,0.01120093570505568,24,61
864,3,0.004974587828751422,0.004696964846950577,0.008819281358972555,0.008683477905646525,21,53
884,14,0.004422769837264375,0.0049580978987029,0.00919646498240202,0.00893804047245263,39,34
904,19,0.00512030870473219,0.005281518115005376,0.012393276427234142,0.011862295439397036,67,37
924,5,0.005290030914741981,0.005095175814955803,0.011861056788119441,0.012389233939835058,32,47
944,11,0.005082696370548673,0.005046741976442848,0.011739037736892857,0.01119623912789986,32,41
964,9,0.0052413728367884296,0.0047314771506964115,0.011326968484880795,0.009986899319858493,39,45
984,3,0.005500479141023967,0.004911121651602172,0.014204587864325734,0.011603721709047459,28,52
5,10,0.005245358438642911,0.004951218663728703,0.012222974116005578,0.009193799711907598,19,33
25,2,0.004673623965901169,0.005195101947962265,0.006248379459110198,0.010363402532787414,9,39
45,6,0.005005051593571049,0.004853830836905785,0.012426626301362629,0.008770311659933047,31,35
65,0,0.005161165163998542,0.0050517965009657705,0.0076813439873183766,0.01250431455841889,11,115
85,4,0.004478098048214867,0.004710710755090497,0.009345488347283548,0.012186062545882548,14,30
105,4,0.0051166198339418,0.004692102356016899,0.009081836595646743,0.007704612733271661,11,28
125,1,0.0036401990827849423,0.0044745952810765115,0.0054420397087869676,0.00943575543672986,14,45
145,5,0.005129235675512982,0.005287974121699167,0.012211852433754966,0.011857866295772065,32,64
165,5,0.005148016077750207,0.004863414426991938,0.013201921962352304,0.010001911160404805,24,39
185,9,0.004717968912308268,0.004973892553066934,0.010273729262033493,0.008134096720931676,28,29
205,4,0.005205461297082671,0.0050896770328378894,0.01167621565456739,0.00997726040479747,25,40
225,6,0.005265933281216029,0.004972817661750107,0.009335748217422543,0.008539964314355764,36,47
245,5,0.005481559714216956,0.00510562370731024,0.01264229504006222,0.0091036134890826,17,36
265,2,0.005339917486891106,0.0051336336777795324,0.008081210386003429,0.010657174628238434,13,42
285,1,0.004521282457806123,0.0049837857057831005,0.008268506989281634,0.012019228903087232,16,43
305,0,0.004686791049433564,0.005078331895177758,0.009703328749239072,0.012822147127432295,20,84
325,7,0.0053911311290832905,0.005475748830607607,0.01287442436852159,0.012013413974789569,45,58
345,18,0.00521839291287037,0.005260370129928582,0.008982894618776691,0.01209557323474405,43,32
365,6,0.004818641151806087,0.004918639510446003,0.011414482598827626,0.010889581860876931,29,26
385,9,0.004454530910351771,0.0044341808366525496,0.00950664253131564,0.009869007924770615,27,33
405,7,0.005155056673930568,0.005371235709275039,0.008724770703657637,0.009905139166933368,27,33
425,7,0.005654075273949879,0.005303142843487927,0.011797401073537534,0.010373177687523685,27,48
445,5,0.004880832754076156,0.00450131710927585,0.009849652198371634,0.008615184225053292,27,47
465,8,0.005560404530080081,0.00501701108118815,0.010218591004223529,0.009232406672764915,25,24
485,10,0.004890236048204186,0.004861818411062642,0.009102540684899414,0.010133423894095757,25,19
505,10,0.006508392693592569,0.004716437528718563,0.01186413948421396,0.008475770755129576,22,33
525,5,0.004768870301349384,0.00593703149046115,0.009828053683053523,0.012383756879646532,28,27
545,4,0.0051784199907351,0.005074973345739476,0.010037775787334108,0.009406669934490571,16,36
565,12,0.00471264304439115,0.005151488662789583,0.009266374510391428,0.008519749523352223,33,32
585,7,0.005267659028825534,0.005273553517960182,0.009457013149728471,0.011321319583973095,22,33
605,6,0.005226843959180691,0.004859129807430454,0.00912044619729907,0.008888154641967362,24,34
625,0,0.004809034144803125,0.00464055742040554,0.008828414755346556,0.007058907678222448,23,36
645,2,0.0049457039802588134,0.0053648969312588436,0.009938724525397714,0.009716323954555493,26,55
665,5,0.004704440294200654,0.0052117424243896355,0.007862179321000685,0.00964521179000152,16,26
685,11,0.005741323884009625,0.0044562327400881965,0.009192998190211422,0.006907315620434131,17,30
705,5,0.005467691896764376,0.005037825242699153,0.010138260988935234,0.0128442289162443,30,52
725,7,0.005624006944819332,0.004354486557254828,0.009550011793441998,0.006367584251869565,18,31
745,5,0.004849223747973195,0.005192913193565573,0.011661264615185142,0.011199612323959824,21,28
765,0,0.00503405263372184,0.005107992526602471,0.008501038402916213,0.010952904390302786,16,58
785,7,0.005145181470458318,0.0048759881290659935,0.009927177023089923,0.01488146797514831,32,41
805,4,0.004991672750557629,0.004602978051912779,0.010655152739499523,0.008654779692395271,15,55
825,8,0.0047109944315141825,0.005033216920424425,0.013012016636578238,0.010322134970762054,30,31
845,4,0.005149846795215907,0.004517763835267924,0.00863969258077284,0.011879028865144962,38,49
865,6,0.005349026254321303,0.005237368974622145,0.012064319680771624,0.010551166884239292,21,31
885,2,0.004944591025967388,0.0055102834178704825,0.010791598720979055,0.013235770563322013,32,35
905,2,0.004857426862420648,0.004971866735705742,0.00868598765185691,0.008707080557407113,10,62
925,0,0.005183125745425434,0.0047063180028004276,0.010747354097199334,0.009599241639882437,17,48
945,1,0.0046954586725027215,0.004806815994830039,0.008607985106850749,0.011990306814641895,16,55
965,2,0.005424280143177628,0.0052666689840468245,0.009596354753626574,0.012814802334552835,14,40
985,6,0.004891207934121893,0.005038323886762928,0.008514319866215684,0.011593679175818529,16,33
6,5,0.005171334301669188,0.0043294693382257285,0.009561851931950905,0.007370312521217494,22,38
26,1,0.00464711501444673,0.004812939827905021,0.008782594806678642,0.01138245316648278,15,49
46,2,0.00474591078955393,0.005008930782703886,0.009212163514613587,0.012357206339067046,27,75
66,2,0.004620027500775607,0.0051630830949267285,0.008150662269411085,0.009901872166128516,24,33
86,4,0.004918352573316339,0.004908370994717799,0.011156276714889586,0.010869484072900134,15,36
106,1,0.004754469459586954,0.004834198616622541,0.0076189322112578785,0.008693350097973446,10,40
126,6,0.004904731256603341,0.005065694095958188,0.010445903768244771,0.009759023327404208,21,39
146,4,0.004524804054251611,0.004918146428786778,0.008638362832356673,0.008594169761230364,26,35
166,5,0.005089176325887964,0.00433547827073767,0.011250183307506595,0.008842027513174724,19,42
186,3,0.004623000515733807,0.005148980843230489,0.008992283044156588,0.011443601436405387,19,31
206,0,0.004573023285558892,0.00522789624274729,0.01321959448329082,0.012460731555722014,11,81
226,16,0.004896045678563614,0.005403397205597407,0.009007714450587685,0.012536847372930223,45,28
246,12,0.0050774041174255595,0.004969949632828879,0.011230825692357178,0.009264700643135872,34,40
266,6,0.004779407495400389,0.005046342013148935,0.008704265954278883,0.010696403814809177,13,36
286,11,0.00527074388007517,0.0048404199695918325,0.01379091191793321,0.013693334487925464,32,31
306,14,0.005032487897232796,0.0055857500776545,0.011353323209331866,0.011404330441176324,39,30
326,4,0.005090839393732178,0.005448603447045679,0.008662206459856627,0.017487659069168264,27,42
346,4,0.00552439165137101,0.004778830525602763,0.014090187115645591,0.010241304973831423,28,48
366,1,0.0052509410781828615,0.004709600628216869,0.008211660857992902,0.009053718757155877,14,37
386,0,0.004765589710914211,0.004851010755416407,0.008470858863847963,0.011749775216999237,28,78
406,19,0.004950893268193752,0.004791304514876764,0.008910341484288532,0.008193294446472217,41,32
426,9,0.005727679011648152,0.004833676257159191,0.01052728355070448,0.010545691089595523,24,30
446,6,0.005050308525995106,0.004824245218669073,0.008171497701490005,0.01015282678385047,17,48
466,14,0.005637730909533672,0.0050225341798261465,0.00983478954474494,0.009219299690015573,26,26
486,14,0.00464957773882205,0.004782952450240206,0.008263633871254122,0.008691558351292393,35,29
506,13,0.005507521610582953,0.0052205297431717175,0.01099716154971643,0.00892237865061023,40,41
526,1,0.004395798976290004,0.004899233574120253,0.008677718569487583,0.009425667448961577,20,46
546,4,0.004891175883200571,0.004993101113024964,0.009553642635201445,0.007796754182476162,26,43
566,12,0.005160990329081495,0.0049090734817130045,0.008638744143406894,0.010141424311298622,29,29
586,6,0.004821126236623376,0.004443621505989539,0.008372092559250309,0.009541306994231951,23,46
606,16,0.004927441766584054,0.00446153150398431,0.009721426572170809,0.009740678751375364,40,33
626,10,0.005356924738404826,0.0051692522213629575,0.013146116508726784,0.010681096108689002,35,40
646,0,0.0049507946445040705,0.004922709846071577,0.007662472926401773,0.016769559248783587,13,67
666,6,0.004854682709473285,0.005124108736705383,0.00914018128589048,0.01206032392290822,26,37
686,3,0.004202678838389507,0.0048341229117992105,0.007994474494186023,0.01046224694234365,13,27
706,1,0.00538967324905455,0.005241779491717299,0.009290430888879623,0.012308757180625391,19,49
726,3,0.005162755444922377,0.0047073761935715755,0.011823971732100608,0.013949383351170136,27,50
746,4,0.005217482161572464,0.0056610201356863355,0.011592178718847006,0.01101842218454286,29,56
766,5,0.005297787245725697,0.0052803520388779715,0.012008299878699176,0.011403179306494529,43,55
786,10,0.004426606041208239,0.005556316334306425,0.0076918298283182515,0.012174588986812248,29,34
806,3,0.005581881135824899,0.004865577369977268,0.01023550097745082,0.008459128207174704,13,36
826,6,0.005154550569088036,0.005248432656625453,0.007493577571017766,0.013551118199357105,21,33
846,2,0.004568520461539842,0.004721992604070874,0.007902842429618409,0.011685945565712123,24,41
866,0,0.0048757948401043,0.005276746251618173,0.010594274156624452,0.013448102638955687,28,67
886,3,0.004740297218744914,0.004607955651386767,0.011582025449197302,0.00930719532022658,16,50
906,4,0.005215990101444151,0.0050716132676156345,0.009915235743484109,0.008114831550298024,18,39
926,1,0.0046193904729187095,0.004920622479323593,0.008778055128419083,0.011235275949900498,18,54
946,1,0.004870022173207639,0.005553216575223452,0.00833339190381811,0.011739998270806294,28,60
966,7,0.004645568131745346,0.005043193887141898,0.010934127779613086,0.009154175227469977,23,33
986,10,0.0044239190655456315,0.005351693623518535,0.009850722585889449,0.009811360065515529,31,34
7,3,0.004873155813709645,0.005257810059945811,0.0076985700177705264,0.011149412396195359,26,60
27,0,0.0045390863645654676,0.0051260891383229324,0.0072527462421935075,0.01339710848503112,11,52
47,4,0.004753130406666322,0.005242087345718503,0.007600013675722422,0.015150907697840662,24,48
67,0,0.004338180378231373,0.004875350745464461,0.007871878666541227,0.01138883027036932,17,56
87,8,0.005307365743492993,0.004812967591881008,0.008905879998189674,0.010502450805408568,20,35
107,6,0.005200997315246202,0.004783716486322013,0.011103758852178446,0.009848022032227188,28,45
127,3,0.004305577824585919,0.004504776946068318,0.007054114007685708,0.009697053451409124,9,23
147,1,0.005544851356778526,0.005014718272031812,0.009778459699905713,0.009431530899505602,14,46
167,0,0.005739999581399184,0.005352274841043024,0.01352228582908461,0.01292836227004627,15,74
187,15,0.004854803765329889,0.004952681768292114,0.00892213824693565,0.009284006148387798,37,28
207,10,0.0047233760435007426,0.004877568724331535,0.008075183756793256,0.008786786168173908,27,23
227,1,0.00493508103538273,0.0053118509793162825,0.00886821991918099,0.012065462208959495,18,57
247,6,0.004879434732852093,0.004606505655060164,0.011550589039963971,0.012997357075412084,44,50
267,1,0.005098296139043349,0.004685658139196071,0.009398654713463236,0.016104801309331822,25,54
287,8,0.005481184633345072,0.004557297443227536,0.014097312503892085,0.009493176719435156,15,38
307,6,0.004897354649041974,0.004587138623462399,0.01151991239404758,0.007671060625598938,23,37
327,4,0.005177690848615035,0.004455845547013307,0.009949034027367524,0.010781991097122095,14,59
347,5,0.004347629189831667,0.004908719154448659,0.007824123649182654,0.007231019864121087,23,26
367,3,0.005768542416891682,0.004979886608969968,0.010212706210113292,0.009665913178082193,25,43
387,6,0.004704988089818611,0.004682428839519161,0.011105667408227571,0.009345730799363306,27,33
407,6,0.005156116599458143,0.0045188681677804975,0.00840369040814561,0.007390875327002242,19,25
427,8,0.005837353760262585,0.0048376822462655325,0.011164179146069809,0.008677299531850351,20,32
447,7,0.005724671059953373,0.004570741196283633,0.011036433829365677,0.010523771685522055,29,42
467,2,0.004378643522443875,0.005055159325615362,0.008598031475715702,0.01156438077850178,34,56
487,2,0.004515453854354603,0.004889617376186751,0.008583981262857738,0.013325965677352948,22,42
507,3,0.005569862425756634,0.004675952930695272,0.00949617957387168,0.009891418731435135,10,32
527,12,0.005137354083139919,0.0047503916077834,0.009760174463988032,0.008459551549685284,44,30
547,8,0.004805529079939801,0.004658982945877265,0.008633384862217052,0.01232454628479563,26,33
567,9,0.00518764026157851,0.00433688282467697,0.009806814424856732,0.0088206171634963,25,44
587,6,0.004878558088922117,0.00506688879948964,0.009395951424919577,0.011268452940444186,44,42
607,3,0.0046292044917539904,0.005482593205306837,0.009140237585694166,0.00944690500226877,16,26
627,5,0.005185749492871721,0.00510320145512266,0.008399883179166154,0.010616133720509915,33,54
647,4,0.005565005361217365,0.00528980558246845,0.011836794924751292,0.01334036536128698,16,43
667,11,0.006262808384247932,0.004762362305781561,0.015104773488040346,0.00897344892171763,27,41
687,2,0.005555931862466545,0.00533613540047144,0.0104886863877508,0.01425167902146891,30,53
707,3,0.004955087062295824,0.005162665004217901,0.008364688491659233,0.011257256411718932,14,36
727,2,0.005474679069470384,0.005217282974723926,0.011759806277173544,0.011737127826091964,22,65
747,5,0.005268923619879555,0.004751498242213884,0.011702259295239324,0.010575315393446213,36,53
767,17,0.005013780413319586,0.004725029905067286,0.0108942173935935,0.009983322814177851,50,25
787,1,0.004520773037651835,0.004742192860715544,0.007342021727454405,0.010758392131833336,18,42
807,7,0.005204772600635322,0.005086622209919907,0.008896631320744945,0.014727191813389025,21,36
827,1,0.004908750096101231,0.0053589384788321065,0.007775010397204765,0.015069633612063515,29,79
847,5,0.005169023927318657,0.005316998123960175,0.009254698554833041,0.012799873259600844,27,29
867,3,0.004603311783041306,0.004614297395947064,0.007405511886970345,0.00847215955599605,18,32
887,6,0.00457768240012345,0.00522499974218844,0.007169829134765802,0.010846326463595485,19,31
907,5,0.004409394346632402,0.005508983056308967,0.007248686916291494,0.015780407743707786,29,42
927,0,0.00497323116740579,0.004752314091799956,0.008426017142382038,0.011236537163772172,27,79
947,7,0.0052808006088209385,0.0054171736560371655,0.011703266249904924,0.010975129817731738,30,46
967,0,0.004686369159708931,0.004977384121210003,0.008838729863781576,0.01189726849431859,29,72
987,8,0.005619587503029588,0.005527325546294522,0.009605132589876124,0.011297474374347465,24,35
8,8,0.005061609602030192,0.0058309132639158545,0.01303293688812447,0.015633680763004504,28,35
28,5,0.0044303857862822696,0.0045231349152904,0.007841798480087966,0.009826619160131464,22,27
48,0,0.004371542428230591,0.0054514679984541325,0.007615944258807629,0.010097842880335236,15,32
68,4,0.004549030598960831,0.004786695376670333,0.008688268041668048,0.009054235299176223,17,55
88,5,0.004781363743945844,0.005757799236901857,0.009056013407458043,0.012384393998628649,36,52
108,17,0.005411320833892024,0.005062043898282481,0.012701440744435832,0.009765435339301234,42,25
128,1,0.004084350456671311,0.004685485150493797,0.00708701099025508,0.0102539559157596,10,20
148,12,0.0045583489138859845,0.004685702041168504,0.010087576761003426,0.011076567715283014,39,26
168,8,0.0055689280270529275,0.004395296114728302,0.01070638136901581,0.007385229006714074,25,29
188,5,0.005802810608222729,0.005142547013015645,0.011544422326878544,0.01175351510099192,23,38
208,3,0.005153644549853464,0.0051812910178258035,0.010572580559479005,0.013293828763661756,17,40
228,3,0.00443182275297217,0.005112962595304959,0.006886762290308253,0.011473726484266237,19,40
248,3,0.004647831439935031,0.0047006207760301,0.008064114308161759,0.010706557962605914,35,46
268,6,0.005049663084482444,0.005103107079812044,0.010050812345407677,0.009384130516473832,30,37
288,2,0.004224086819528632,0.004399421553539146,0.006609409968689117,0.010633736398273572,21,43
308,9,0.004727895184082005,0.0042422609574903685,0.008947531074083548,0.008241653957783104,28,29
328,7,0.0057339063554911725,0.00453259512045767,0.016197773883238058,0.00624502269385344,24,26
348,3,0.0047469931987883214,0.00541460255256963,0.012128394968579093,0.010004141902662205,38,52
368,3,0.005764721698653231,0.00508439598551525,0.010835308366851641,0.012305495008413804,16,49
388,4,0.004762287503182268,0.004928842455045421,0.009039425999302662,0.00829495289687938,35,51
408,0,0.004949750335978775,0.004677092319188525,0.009425322128382728,0.012432165915515223,27,74
428,7,0.004338509652413973,0.004389578213258561,0.009377401389732287,0.007950215115497733,21,30
448,6,0.006860842521414124,0.004871690307385338,0.013817500621935864,0.009647324437469556,14,46
468,7,0.005011988514578257,0.005211965874611993,0.010336410754251329,0.010517687893951978,33,37
488,4,0.005319384279998666,0.00562095962651007,0.009163008681712027,0.011966401076644118,25,30
508,1,0.0056723715870822065,0.005345481117053713,0.01603865992214884,0.010700516228383998,15,73
528,5,0.0057290975550131455,0.004440276215494002,0.01076395747434027,0.008017325418610072,30,49
548,7,0.0050479251676837965,0.00478641040539895,0.007343381260198144,0.007854074865831137,21,31
568,2,0.004196548106405314,0.0052465046299272995,0.00660301860260787,0.01100691465845851,21,37
588,4,0.005373466805552994,0.004912615483206696,0.008103272836629073,0.010921429004608952,20,30
608,9,0.005587863444050674,0.0054327690632684465,0.012473713976875314,0.008084832066488523,34,34
628,12,0.004799974126125042,0.005184342989055195,0.008859563015398546,0.010371436351255562,42,26
648,11,0.005089654546069187,0.004965739738055489,0.012710456063730356,0.011479545809549466,41,41
668,5,0.00599357336730534,0.004402815829683662,0.011854353652916485,0.011255028805066977,22,40
688,8,0.005041031855165564,0.004671681621863745,0.008666854379870383,0.00926461630875758,28,37
708,1,0.004639928094588998,0.005665200151775242,0.009113035816459891,0.017270357432045982,28,63
728,4,0.00519660658505131,0.005754257427223395,0.012657993438948462,0.024893343564155974,16,35
748,9,0.00472845999643055,0.00489434177296096,0.00897933367026748,0.010972498137541935,26,35
768,3,0.004758352584818193,0.004986337057030056,0.00984363557869344,0.008483337653997057,22,42
788,5,0.004984733333746152,0.005312274546472881,0.00825606526394835,0.010076091676794234,15,28
808,2,0.0051518275611876175,0.00488652477434488,0.014256961349916443,0.010555769900175215,25,52
828,3,0.004523764657655506,0.004425818068167026,0.008249919453979345,0.012341467815253205,19,36
848,8,0.005111381818972929,0.0051069738307753495,0.011164875228124154,0.015293882457595004,23,46
868,5,0.004986451801890075,0.005364469394630785,0.009991958381880377,0.01248943149859015,19,38
888,9,0.0052254116655978955,0.0049209867075300975,0.010263320091553564,0.013131539182269496,42,52
908,0,0.005000376480621536,0.005086176677607742,0.009390410333668423,0.012787536966065974,15,73
928,6,0.005512569708482506,0.004599405635920662,0.01315264211895908,0.009739556765394126,41,50
948,6,0.005380035090497383,0.005231320867466924,0.009537690748089543,0.009561947731652195,28,40
968,5,0.004857218677524707,0.004802165848077805,0.00822650213991833,0.008594808656760227,22,28
988,3,0.005163808105335773,0.005248333234427996,0.013359592489326676,0.009171433273578502,25,62
9,1,0.004734428085200199,0.005289302717700041,0.007903530597681455,0.01117935614583405,22,54
29,13,0.0054046417536217795,0.004806680177362592,0.011656755256947982,0.01101349154043752,32,53
49,5,0.0046614292602485214,0.005048985716802189,0.00974450600888334,0.009532994579610227,37,41
69,6,0.004973878806576718,0.004722083052122749,0.0114336196655821,0.009918442939170465,29,48
89,0,0.003834566327824911,0.0049133368978958505,0.009402128677247323,0.01090113518981942,16,44
109,5,0.00500780677394346,0.004608757294017986,0.01204200932440212,0.011306859649728964,30,62
129,6,0.005008368812525483,0.004785320399086222,0.00831265978290362,0.010820062789352956,32,45
149,4,0.0043680375903383285,0.0049749939467782535,0.008336359078661003,0.007098230058325822,20,35
169,1,0.004984251034462145,0.00479025534562116,0.009640959126690744,0.009378341362682851,11,46
189,3,0.005164540681000798,0.005385620442898735,0.013373501920248054,0.011842013449520815,18,39
209,2,0.005509816811453632,0.005180795069484875,0.011379193612521276,0.01212071389898382,35,63
229,10,0.00538526584687969,0.004678954450586335,0.011244266422005586,0.00928589060103474,26,32
249,0,0.004849588982945532,0.005068403985507575,0.00787273971904456,0.013020916355834864,22,74
269,1,0.004841005975872229,0.004910257806434376,0.006384356553195639,0.010283587860630392,11,33
289,8,0.004700354199017506,0.004925758365701646,0.010445928497232212,0.009477552137987831,58,36
309,2,0.0044394146737868215,0.0044803657357094144,0.008746462685440172,0.007633968392020999,10,31
329,7,0.004707592885420578,0.005336419174991236,0.008434546741857394,0.011518404897945351,25,24
349,12,0.004888264871783805,0.00525820518347471,0.0090659821542066,0.011671331642468577,41,35
369,14,0.0049916141590879365,0.005199546839841791,0.009360009845725159,0.014993557999679937,39,35
389,1,0.0050119773395159006,0.005505264920926879,0.01012012289009825,0.01170784675300162,12,45
409,14,0.005295173469115639,0.005184180282030756,0.013923114096352208,0.011163030715050582,69,44
429,2,0.00522506474796685,0.0053989020921169925,0.010319056120642078,0.009793066782521148,31,45
449,8,0.005094669273405366,0.004938866990409957,0.00858206961037226,0.010181073175145295,18,28
469,11,0.0052673415329320935,0.005201404391740516,0.010838265393887865,0.009519187421050693,28,33
489,10,0.005338694003171729,0.005144768448008798,0.010544909750824531,0.012469980305473392,22,24
509,2,0.004911000101233257,0.0050034871106799965,0.012756683642160186,0.011345245357530759,22,41
529,3,0.004802537627863156,0.005110351536597817,0.007935406065745025,0.010059233376557685,18,29
549,2,0.004444377671362913,0.0050845561135677494,0.007422357073227103,0.009714110168389644,17,36
569,6,0.0045036354454525045,0.004781267856021811,0.009135669430155752,0.009041151291275341,22,42
589,7,0.005242215253303887,0.004779259269330852,0.011275868177766941,0.014710261162424715,22,33
609,5,0.005889512592356553,0.00459163148403299,0.011414409868208956,0.013612868716065924,11,41
629,3,0.005149976445478743,0.004891648791919094,0.007977607749536715,0.009160161176235974,12,41
649,6,0.004857613452836501,0.005270400924826563,0.009024863206319202,0.010844566913361742,26,37
669,1,0.005105141504190753,0.005158798333968874,0.007793340769854141,0.013094379599380502,13,47
689,7,0.0051516147182853215,0.005004048496593183,0.009871102345321693,0.009351014826128694,24,34
709,2,0.00518185599659982,0.005261310681102663,0.007918004563454201,0.010776607149072212,24,56
729,5,0.004473576295484185,0.004792896220927903,0.00950548438563094,0.010281362294191788,23,38
749,8,0.004265206582367155,0.004626807744616794,0.01032547668740802,0.008635062088930306,39,51
769,8,0.00447638976786236,0.004306169323990825,0.008795989442513853,0.008049236105696838,34,38
789,5,0.0052008000752422935,0.0052438668467511005,0.01330957776042773,0.012589999628208249,32,56
809,5,0.0050308846198038795,0.004634918682162949,0.009569046652819602,0.009422161347641431,17,32
829,4,0.004911303723605497,0.004648120104209468,0.009874039443514759,0.006155085681328321,16,32
849,9,0.00479963159725896,0.005252973390866039,0.010127930615328191,0.008932828104626117,18,19
869,14,0.0051985467289257705,0.004881491724022477,0.013618071983828492,0.007634337828580882,32,27
889,1,0.0047798033004452295,0.0047594823618711726,0.007674299130404747,0.00990400437263631,13,32
909,2,0.0041421260768351115,0.005059807810823074,0.005941797519115036,0.00915447951167094,22,47
929,1,0.004603933040941964,0.005126087509374524,0.006192997970036468,0.01675721440629611,14,39
949,1,0.004296476369664922,0.005359573292470596,0.007991879522205191,0.012580968876387063,15,43
969,12,0.004618702866250126,0.004758944826894991,0.010313440868128895,0.010319100439460405,42,27
989,11,0.0059078457134093,0.004997073954166951,0.012083650339608492,0.010013232050255056,27,30
10,0,0.0044800469597178205,0.004919335236227745,0.007622314827608702,0.010673441765311554,13,46
30,15,0.005102320770500784,0.004481340911772428,0.011179752120445571,0.012235308092471921,35,28
50,0,0.004829312024417847,0.005278137876133832,0.010343597861495168,0.012570266454197091,13,58
70,2,0.0058066713819770925,0.004542349341463842,0.00836148778969053,0.007973837596505544,13,33
90,3,0.005761780244105751,0.005100331483364296,0.017302326208610958,0.013752051844647187,18,57
110,4,0.005433926866409944,0.004832396650543422,0.009452438364707966,0.009699372847429609,20,59
130,8,0.00497913141446572,0.004732263935855627,0.0074307086148565375,0.01173615805492568,24,35
150,11,0.00559085436108869,0.0054126649151778885,0.010201834165073273,0.010514547847473145,32,32
170,1,0.0049968142555972045,0.005038322353741697,0.009524014529957507,0.01047578294977377,17,44
190,9,0.006172766337041731,0.005291792030362614,0.014053959150214802,0.01057406647796768,16,41
210,3,0.0054311777910121895,0.00532649767083949,0.008921287807451878,0.01675285574599495,19,54
230,3,0.004287095677346193,0.0054764412492882145,0.006271278786284929,0.01017633311081025,15,31
250,1,0.004628304779644967,0.0046906199418564965,0.006965680994456833,0.009092087657112663,22,49
270,11,0.0054058867717622135,0.004626201628008851,0.010956064490252007,0.010380902557287922,28,33
290,3,0.005891741770071486,0.005578800264527335,0.01573023205922156,0.011516852031326826,16,49
310,3,0.005035846967967316,0.0048880336965081185,0.008988230893582454,0.01106772393155388,26,48
330,4,0.004693382791365985,0.005335286557676707,0.00863057551103566,0.00904422286113832,24,35
350,1,0.0043094159570915,0.005113184817736969,0.0071780706474127015,0.009417776685166813,15,52
370,11,0.005686221645700594,0.004632159274122229,0.011870124766186374,0.00956966225206559,29,46
390,3,0.005397637338681787,0.004968746418256694,0.012888346724916856,0.009377985834490852,19,43
410,6,0.005567516359726956,0.005129779546575867,0.015479739496371422,0.00981396796440962,20,42
430,3,0.004907421876900922,0.0052450124039886995,0.00845938427763398,0.011939580087397834,17,44
450,2,0.004820445758551355,0.0051113148067955215,0.008535300885449633,0.009662553046125814,19,72
470,9,0.005151508030950712,0.004949478427854827,0.012023087437943824,0.013752164423586087,37,36
490,6,0.00452899647955037,0.005014336848695487,0.014159070715546918,0.00883918324513092,26,35
510,8,0.004648308836021046,0.00546817274914452,0.010711874679771432,0.012982815132393792,25,31
530,1,0.005555959240737109,0.004840063210285457,0.008149651612000096,0.010354652426047084,14,41
550,4,0.004295217830217129,0.005136282928191245,0.00719605126460983,0.011488425375210163,24,39
570,2,0.004695292593722924,0.004644034144705839,0.010027723545275136,0.010507144770624324,27,51
590,4,0.006040954836363815,0.004420521613682787,0.011304771468423869,0.010966883449782486,16,57
610,0,0.005907017342568145,0.005258247507236977,0.010513597279317305,0.012972112420970522,17,85
630,8,0.004896025399485569,0.004776787390211084,0.008845854699438,0.011565778996678594,31,37
650,11,0.0056472437872220034,0.00503672877310461,0.011240843885225964,0.00901628588255946,22,27
670,0,0.005110147123980071,0.00540448965571473,0.00882708480464347,0.012917727107619466,26,71
690,8,0.005041507356705245,0.00517239923301352,0.010154177656374346,0.015564750199521957,30,43
710,2,0.00525247907387425,0.004983914197370104,0.01593785651106759,0.015865192222783406,29,72
730,5,0.0049536942177868006,0.0052404841647443285,0.008677608967481038,0.015608136051933518,27,40
750,12,0.00537650076018035,0.005416744030084243,0.010189076217705244,0.01317689885272495,32,33
770,8,0.004534535151396625,0.0048996306481393645,0.009569094805908559,0.009233467419887979,32,36
790,1,0.005550882943726632,0.005062960752160038,0.009238776584384422,0.011359981805774006,11,45
810,8,0.0052054721821885395,0.005141415594217345,0.010291886461000372,0.011794840888490851,25,25
830,14,0.0060739074778565095,0.004539251161839458,0.011567835922577064,0.008937633512063416,32,41
850,2,0.0047566321391261926,0.005245378411267435,0.01015964336248492,0.01083202088329157,16,50
870,1,0.005165900271428762,0.0048588591021715465,0.011016071911021032,0.010862630192607959,17,52
890,0,0.005361417496922944,0.004893895586305851,0.010816583727885744,0.012010385553089642,25,105
910,0,0.003982546601241324,0.0052522491485174185,0.00599858484380703,0.012711209886708687,14,35
930,2,0.004574140273156838,0.005382974879742265,0.008934367500247556,0.010968043129638016,26,49
950,2,0.005498120550325683,0.0051802685725832005,0.008399173981906559,0.01007205267627219,12,44
970,3,0.005235568098567643,0.005208595792629216,0.013703282760375015,0.015208982588428574,23,32
990,10,0.005062927382973188,0.004856546810742435,0.00944839640870178,0.009752354407840766,40,32
11,1,0.004770422486468008,0.005551655781125154,0.00920617229697655,0.013636114174763157,19,55
31,5,0.00509438297059666,0.004634992471191295,0.008021593231215136,0.009224218166083964,14,31
51,2,0.004298314636948704,0.004990683739464855,0.009046370438437696,0.009154723883073328,21,59
71,6,0.004573283780217376,0.004617070371118302,0.00748738656149983,0.013082520844328656,22,29
91,3,0.005054598359673572,0.004778543112265284,0.009173622318675244,0.010501340698936951,23,62
111,8,0.005137089183053976,0.005100911427150104,0.010721905031742522,0.01107040406557179,26,38
131,8,0.005136648524047161,0.004863420712301539,0.008756449743909765,0.011064350177716294,42,46
151,6,0.005288804566350817,0.004526163962042865,0.0097620807885082,0.012278260575410456,37,48
171,10,0.00569828589191394,0.005280016799790659,0.010152948302173087,0.012897946169202222,28,44
191,1,0.005046065155407356,0.0053538544904091845,0.009567488387311262,0.0175094340338476,24,59
211,8,0.005142942768066045,0.0049440982774300365,0.013223166997287764,0.010049951743714768,31,32
231,8,0.004510376939143121,0.004677973091902772,0.009138584735501472,0.008407273152162189,34,34
251,3,0.004281109175886006,0.0048392206715902756,0.006301392457805628,0.008452103851754518,14,34
271,18,0.004630424897315843,0.004548787217979967,0.008635476196585366,0.008921299788763206,44,30
291,5,0.0045109845731842535,0.004615565642456197,0.011060864014723242,0.009456744938806593,18,29
311,4,0.005063216959621931,0.005030556930488504,0.009306318827486663,0.011093219652952771,21,57
331,5,0.005255166965494059,0.004919890611374113,0.011766375167326728,0.009453233858267577,35,62
351,9,0.004870893017708646,0.005206806007966938,0.008138973725423701,0.01173336131973365,22,30
371,14,0.004575150477834673,0.00524825922015786,0.010648846762016405,0.011958095078094996,28,21
391,7,0.0048202536929663605,0.0051315811931984655,0.008345261061849484,0.01005818605317666,26,28
411,1,0.004919543101389704,0.004909912184235596,0.009644640737080884,0.012761424512400952,20,80
431,5,0.004735569435103474,0.00524473318513221,0.011319963787117108,0.015666518369600074,20,46
451,2,0.004795837690475907,0.004998311820529317,0.008080892376713486,0.01156156411804483,23,43
471,1,0.004974204493299843,0.005279909421290425,0.009896710310723358,0.012156083245805846,17,69
491,15,0.005419987292534127,0.005242082852088596,0.011720633312444351,0.013378744649517356,22,20
511,9,0.004959632841388597,0.004930244322848027,0.013054003074575491,0.008956003623250405,21,24
531,6,0.005629665859246089,0.005127724892214303,0.013467070813634806,0.01099111553697108,32,48
551,2,0.004436822613987072,0.005117992119992701,0.006337735833671943,0.008731405702852016,17,40
571,3,0.005038601252795928,0.004615441637060205,0.008080856508091294,0.008141002488529989,11,30
591,11,0.0049838973029956045,0.004758769414739886,0.00884222076557816,0.01374563004690761,27,23
611,10,0.004987290426494749,0.004729388689612956,0.007640676048422124,0.010204944784559154,27,28
631,7,0.004612942593098368,0.0046778289176260006,0.00824562456291163,0.008020495310869544,23,30
651,5,0.004655987236190285,0.005139891740248265,0.007576307480524183,0.00834944557949468,18,21
671,1,0.00474084564066257,0.005087308161373717,0.010039833586042785,0.013672890610986569,13,58
691,1,0.004663727597129843,0.005321859984246482,0.008514742435016874,0.014347292288664338,21,50
711,2,0.005705379401276387,0.004929974868609006,0.011584192285846695,0.008137284560322054,13,40
731,4,0.0043201125832091685,0.004809888742608349,0.009672994345211568,0.013822545972031836,21,48
751,3,0.005098345913630598,0.00525438358468852,0.009241446429531676,0.013537308214437802,22,52
771,4,0.004889859644131074,0.005055030115162334,0.00889079796473397,0.011348555074297486,36,49
791,2,0.00541063555636039,0.005258764656187415,0.010240824170447858,0.008721956455327844,15,39
811,3,0.004492729670731509,0.005216391282870415,0.0087910541427231,0.013277836706116384,16,33
831,5,0.00519088854876168,0.005089022060497292,0.010034714401651127,0.009119339388930614,26,43
851,5,0.00487484802643441,0.0043927316261255156,0.007180322705514462,0.0069048065531718975,16,34
871,9,0.0050508254465578975,0.004461220828446443,0.010142717314545014,0.007823418019921846,25,35
891,1,0.004312194510875848,0.004773571861964119,0.0069794084594926,0.012699105672284241,17,66
911,4,0.004686350819503826,0.005161444419374745,0.009987698443512084,0.012724621043830592,24,49
931,9,0.0053068009780427704,0.004947557718724651,0.0112974479857714,0.009350762854959496,17,41
951,2,0.005129104414530496,0.004626818722157046,0.008624022623853736,0.00870663832213827,13,36
971,0,0.004009121889037147,0.004407929136308465,0.006815054143588877,0.010507665215616984,7,55
991,6,0.005232928067061051,0.005155809471035016,0.010114156050370115,0.010442883540221274,14,29
12,2,0.005255728405733912,0.004921024666311493,0.013145177613417913,0.011351086907959234,39,65
32,0,0.0044411702171461105,0.004915506817603382,0.007635938304049459,0.013965611363613762,13,54
52,12,0.004394069293455278,0.0044966705758855575,0.008612610296724338,0.00673992425532281,45,23
72,12,0.005728231023049454,0.004870529290576488,0.01786847687503821,0.008339776485757755,42,32
92,5,0.00457318293291052,0.005161237535125155,0.01255549950098808,0.011775709778117656,38,50
112,4,0.004718403249451928,0.004897393543513265,0.010388812617184237,0.012041058735849848,29,47
132,1,0.00509187383176516,0.0051913445741707176,0.010735800203185543,0.009453559222031815,22,52
152,9,0.004888352684410132,0.005227475778138394,0.0131348337870168,0.011423160398912896,20,26
172,0,0.005026122616339111,0.0048401719685776355,0.006617921005081336,0.012958999505882628,7,45
192,11,0.005611539109002418,0.005098279949430785,0.011221976387438014,0.014354682652279438,33,37
212,16,0.005690917444090993,0.004323542970583507,0.013840170250615286,0.007834379472075971,39,27
232,7,0.005070974754155691,0.004934753156874179,0.008295230349704457,0.009287103021331702,19,28
252,5,0.005115618546738628,0.005059473728269355,0.011253432665291843,0.013565042694721604,31,41
272,3,0.0045403715395600005,0.004609416538937252,0.008398161336535816,0.013336321425609426,32,60
292,1,0.004940922974891073,0.0049140723525081965,0.011582466415854331,0.013556430082186877,20,55
312,15,0.005297678482504518,0.005031173176025426,0.010181072004427857,0.010895668057904371,38,37
332,10,0.004459027092629314,0.004368289843223558,0.00847855657429698,0.008202846784652659,30,34
352,0,0.005034599998195605,0.005032717319663981,0.008553353933614973,0.017253440009934517,23,58
372,6,0.0048082599726711715,0.004808647586181044,0.008972454385548912,0.008900404004165917,18,36
392,9,0.004681053475092525,0.004977035495285512,0.01141540595626028,0.012795071662094015,30,35
412,8,0.0056363764665564855,0.004766215581139217,0.0128868980642764,0.009276657321638728,20,31
432,4,0.004638828899783036,0.004739819820466278,0.00908113548438863,0.009347635927038795,26,50
452,3,0.005028447571761945,0.00542323253661478,0.009660465503215223,0.014635272591621585,37,52
472,2,0.005275607704310918,0.005092327169262067,0.008701777524840821,0.010464267723641752,21,64
492,0,0.00456332233228357,0.005537507433848106,0.007449423835607221,0.010636226099455534,18,58
512,2,0.005061085589611711,0.004737880780330204,0.012186800396799077,0.010599020833459007,19,36
532,11,0.005502530860193712,0.00483181477738711,0.00841454290780041,0.011183591818128849,25,31
552,11,0.005081275853971019,0.004919348955724118,0.013707549083240794,0.008233053138383026,36,36
572,1,0.004689524377916062,0.0049187946975793725,0.007916350198480599,0.00908565416389202,21,56
592,7,0.004986528616388171,0.004983714650567721,0.010814314238771631,0.015234798849207322,29,39
612,2,0.0049773474682524976,0.0049895314469490405,0.00920746733743984,0.009652657452396492,22,60
632,3,0.0043608221016795245,0.005240403609532827,0.007326973208709049,0.013748054310834245,30,47
652,0,0.003959755243907393,0.0050739800917554475,0.006105922473376992,0.011929368708443591,15,56
672,6,0.004786646655732007,0.0052566673843990035,0.010090813516223677,0.010834895534138241,20,34
692,2,0.00489193106699584,0.004899456177987954,0.00935344804811155,0.008320430318711073,20,56
712,6,0.0048526057444035035,0.004335958244139283,0.007231686763902484,0.012529938970495045,15,35
732,2,0.004326925315454383,0.0054426652067717535,0.009382712661842155,0.0181340831231703,24,40
752,5,0.0054863171622387035,0.005257157154027875,0.010585530737320114,0.013485991895748868,23,42
772,2,0.0048467440418180205,0.005323636738014163,0.008651685726925781,0.00991296143164432,23,39
792,1,0.005374892149388522,0.005335110518480415,0.008436004209532973,0.012216986068880636,18,45
812,9,0.005409011002956444,0.0052115941649258255,0.009574405124541245,0.010842051252073612,33,27
832,4,0.0056671842953683535,0.004862132686020943,0.009949456897654974,0.010621719380868462,14,55
852,6,0.00488534198268044,0.005326402177913676,0.010827286121784978,0.010523948636630769,20,42
872,3,0.00454783649927868,0.004619264579988468,0.0074730299474458795,0.009323714274166141,23,40
892,5,0.006220468304474284,0.004785616225860862,0.017697388794939924,0.010627567454455969,17,48
912,4,0.0053021419902920894,0.004898211330042311,0.010989269410062496,0.009397682902086552,28,59
932,3,0.004647061748236371,0.004590520226263374,0.0077874944863301045,0.011497014669646435,26,57
952,6,0.005126629476422328,0.004579907828702771,0.00946991556747348,0.0077282851987368765,30,50
972,1,0.004619929102493321,0.005227652821671239,0.008099673025722313,0.014797343874523132,31,65
992,9,0.004451427096124228,0.004614461399735181,0.008851507192407798,0.010496078721974342,23,29
13,6,0.005524208780564864,0.005393010447166186,0.01493671987350236,0.011581419481831834,16,32
33,1,0.00432914085648926,0.0055851641760921176,0.008985551732016242,0.009898614980316536,12,29
53,4,0.0044736644787556745,0.005261709451990795,0.00901041097873785,0.012663123352748716,31,42
73,8,0.004639018922101928,0.005097135109339579,0.008882558664492498,0.009864890099249134,29,35
93,4,0.004295231189492278,0.005251888352719136,0.011141179349437556,0.0097086064731625,19,36
113,7,0.0046203365256415295,0.005383323032619942,0.008340353480082175,0.011875263801358673,27,40
133,2,0.004789835313851608,0.005533879027962001,0.00800675989972772,0.013803080284218852,19,51
153,1,0.0046669268072142426,0.004873769090460114,0.009352602944521959,0.013548654719957427,16,63
173,6,0.0042872864695899056,0.004699839491775271,0.007614781108749416,0.008083607901495204,17,28
193,10,0.005055108552954725,0.004697211625096267,0.013299816318991391,0.011517054851682992,40,45
213,3,0.0035691515403988923,0.004832119757269228,0.0053868487584388565,0.007494549439536248,19,29
233,9,0.004981220048823929,0.005008458943768411,0.009103400173137887,0.011652730681840464,34,38
253,1,0.004880283840162339,0.0050777280778585504,0.007791631051827533,0.013816184504293815,11,40
273,18,0.004756564009695271,0.0048556625318807636,0.01196801202939841,0.009820728270605959,54,25
293,1,0.006740032644511286,0.004617094772133395,0.012212306285616158,0.008480574936880632,7,58
313,1,0.004878919629515641,0.005057490881705253,0.01366999431980436,0.008973315695954978,19,50
333,11,0.005676906123163,0.005318615983448159,0.009813556500468602,0.01037691844943151,27,27
353,9,0.004833272385162613,0.004741030657901779,0.007913827677680875,0.00992163336379233,27,19
373,5,0.004755684361574624,0.004550534883768338,0.007962764586174544,0.007662665832327341,18,23
393,18,0.0051900381073791075,0.004426360514653724,0.010308334822695041,0.008683400728998486,53,40
413,4,0.004479226510866893,0.004961317991203309,0.008098038868240232,0.009222506771204696,26,37
433,10,0.005100739822480009,0.005193680873986666,0.0125714308499793,0.01506555831027895,28,40
453,10,0.0047377299616577,0.004615515919726195,0.00845319315203746,0.009091507761092648,22,25
473,3,0.00477989843336596,0.00531170976357374,0.009986907974160904,0.015464667477087628,21,44
493,3,0.005264891222301704,0.005196744996418864,0.008163604620772959,0.010548290849874778,27,44
513,3,0.004612504785518054,0.005482348373471343,0.010314333967092693,0.011014116371729324,32,44
533,4,0.005696112027154849,0.004591939932599567,0.010596277641907835,0.008510905353061121,17,44
553,5,0.005085632166176911,0.004988458149527771,0.008941261992249452,0.009017045845300142,21,29
573,7,0.004442735902679682,0.0045539682266211145,0.008883858925148088,0.0073821886095571795,22,21
593,9,0.004404575785022913,0.00498361450166369,0.007912206845668112,0.008773720398651014,22,27
613,3,0.005869658161421624,0.005313267613381459,0.010598230853108093,0.010530761626442195,15,35
633,3,0.004570029758353468,0.005047575321223647,0.009915524353315209,0.009647166033590835,15,38
653,4,0.005547137793809599,0.005214963118907914,0.012638680308967731,0.01065281355033531,15,41
673,2,0.004945228206579456,0.005110890987320593,0.012698476407459148,0.01180721599676076,49,64
693,1,0.006342811865126844,0.005065812506972572,0.011386619225801269,0.01061401724159692,13,58
713,6,0.005011819304985587,0.004659021953478433,0.009308487950051163,0.01011576500071435,33,41
733,4,0.0047493354259937,0.004282273577798003,0.007805734756180629,0.009269665660188137,24,36
753,3,0.0051550592272915285,0.005127140303537422,0.012189373048618469,0.010487971677840824,36,47
773,10,0.005244593770691182,0.0050146609462722175,0.015953753919847484,0.011863516796688999,49,47
793,3,0.005054685432475064,0.005461826865234013,0.008127206166126073,0.01126535932027635,17,37
813,8,0.005554737780879846,0.004648626180603003,0.008941343613127744,0.008483235408398921,12,22
833,1,0.004314399113442514,0.005145794401472797,0.006384851677255945,0.012004259043442909,16,45
853,16,0.005094281723871708,0.004836139892431725,0.009950809795605338,0.010885406154918864,44,28
873,6,0.004883706176572464,0.004643897873227638,0.00823624560163521,0.008556504902127898,19,19
893,5,0.005656392091991893,0.005180142519397769,0.012397946338564015,0.012728490362801268,23,47
913,4,0.004844474705071075,0.005201084261126785,0.008177497923699702,0.013531683850000751,15,30
933,6,0.005116124492968147,0.0049785657684185405,0.0122108666350106,0.009871605412130748,14,32
953,9,0.005677554463142515,0.004936982780935043,0.011997813777469656,0.010134997644443592,24,37
973,12,0.006542055334353229,0.005550642236684961,0.011310926182036708,0.010080931296304423,26,30
993,0,0.005687601442450686,0.004796122659415437,0.009709585397240171,0.01138305462819732,23,60
14,6,0.004955379747695974,0.00464030605316821,0.008025008312295223,0.007531335583928764,22,28
34,1,0.004570867528417081,0.004953386523206957,0.007501534896097414,0.015354379826645231,14,58
54,0,0.005168373874262602,0.005473981705286345,0.009592097432901778,0.011172945949356772,23,51
74,0,0.00496940877775176,0.004524066185105079,0.0073948075016583735,0.008031699144571079,8,68
94,3,0.004383337922082976,0.005121823602337994,0.007839481622784965,0.009824639337933313,18,23
114,6,0.005528547220678226,0.0052430494842190855,0.015937614639910218,0.010795240921451791,24,45
134,2,0.004467867195768355,0.004438528216873104,0.007625030524746547,0.012126811499742488,25,64
154,6,0.0052521394027862725,0.005020977264874297,0.011849163365908159,0.015708830456966517,27,37
174,4,0.00528424626592553,0.0057541760766363715,0.011949718683869015,0.025874607903796646,26,47
194,2,0.0045726751571899035,0.005125413318171772,0.009200064942135013,0.008880651644137387,17,42
214,1,0.004858333396493246,0.005584172244667628,0.00838431018328531,0.013067635729940432,18,54
234,9,0.006175765277794915,0.00473047246133875,0.013464008155381572,0.009069934165106977,38,65
254,0,0.0046268790420358865,0.0051781253515069256,0.008653058744219806,0.00915016652680995,9,45
274,10,0.0049587452073279505,0.004897488605803368,0.008873102765409894,0.009762815256178184,24,22
294,1,0.004906156493199389,0.004666608809466295,0.010807557275228849,0.011472666203478659,22,66
314,8,0.005388258617780973,0.004668718307261264,0.012253778797413087,0.009710666405456751,16,35
334,4,0.005197844083539026,0.004914621270072464,0.010341311899743574,0.00977737861830513,18,46
354,2,0.0047787952437554106,0.004936000037153911,0.009031342203595734,0.010346153817618194,23,55
374,6,0.005088740081149776,0.00573047097395545,0.010015222181673144,0.020872236933484202,26,42
394,9,0.006091164781605788,0.005512155564836147,0.013467631833743894,0.010121699598819091,34,38
414,5,0.005263788240794978,0.004236384858907197,0.01292915281673005,0.008755297137829191,16,22
434,10,0.005391744207681703,0.004616880296077376,0.009056273937835221,0.009638062377708478,24,30
454,2,0.005646698350748014,0.0045339411966893,0.01062991970895327,0.009614303926213149,23,44
474,17,0.004716376276662305,0.004941405489281633,0.014257642286969725,0.009390144789059692,54,33
494,3,0.004931728022187983,0.004819050708591345,0.0077967873121617065,0.009641335084906937,16,42
514,7,0.005007669926399085,0.005559005095025485,0.0092530173934133,0.009324827999494828,26,31
534,2,0.004275519351482785,0.005084889918641233,0.008696683497983247,0.01089939626855032,21,41
554,0,0.004707540636069978,0.00519684536537704,0.007402449699788137,0.00986082915581192,11,64
574,1,0.004547549208373461,0.005128719946937249,0.008438933035730735,0.012134617614177615,31,58
594,11,0.006192187185962674,0.005004423992479436,0.011543107520269446,0.007847116790923364,19,35
614,0,0.0050554060283696176,0.004770406081271133,0.007411005786064631,0.009327305516113526,17,55
634,1,0.004951736478144809,0.004993635161869527,0.010310892714282337,0.00940240284136087,29,55
654,1,0.0043564667076284955,0.004994619730287317,0.009245369679394464,0.012918372139541013,15,58
674,5,0.0050745354496911435,0.004831772947155679,0.009544428203781015,0.010903637889766076,20,32
694,8,0.004672280293877346,0.004460919466115224,0.008611324073891645,0.008698239517450105,21,30
714,9,0.004537100772091985,0.005149871884940728,0.014913156988553028,0.016882183874275702,33,21
734,5,0.005195855463885891,0.0048949696278825575,0.010906464016849913,0.010054610103506362,22,45
754,6,0.005200855954405533,0.005079914963559697,0.009781765421417066,0.012158052595935371,16,40
774,15,0.004939127215718023,0.004561379286722057,0.010203550276118023,0.008529232307702287,43,41
794,5,0.005799098948256636,0.0048783581982767615,0.01343389682626715,0.009461859403411968,22,56
814,1,0.004945282435642103,0.005632851566915159,0.009411168726966068,0.010876763789886808,16,35
834,6,0.0055984268486140324,0.005106798250397757,0.008499334517793944,0.015251979414036219,12,34
854,3,0.004198267469920664,0.004442051347093075,0.00655449398507085,0.008974321410670543,22,30
874,3,0.004839044981132583,0.005170997792234703,0.008190219452788689,0.010767656128180474,19,27
894,9,0.004999416728603529,0.004983195775688018,0.013625670386218357,0.011898170765677205,36,37
914,2,0.004797475767675854,0.005120491601362574,0.008633401058270743,0.009926024354972987,22,57
934,5,0.0057463479123786455,0.005238123512385596,0.011366603087650777,0.010694191124662982,15,41
954,1,0.004536404091575076,0.005254759934608255,0.008528635841377032,0.014008562243991784,29,55
974,6,0.005111197322589903,0.004991422092849176,0.01055138608055287,0.010192710720894732,36,56
994,5,0.004874748400306525,0.004766480912771575,0.009488146796977,0.009790743248003088,20,40
15,16,0.004992324783863904,0.004663111909835829,0.011280281507521531,0.008499556659486278,31,22
35,2,0.004685543374785653,0.0051044868334230815,0.00772944947519197,0.011736783388434844,19,62
55,1,0.004721466044068797,0.005145451895853275,0.00887274359359599,0.008863405416429172,12,45
75,9,0.006010207538455504,0.004488898119012418,0.011054577669626291,0.011055684523515394,20,23
95,10,0.0049600347659890295,0.005088674988492368,0.010043592288045444,0.011546202386339204,35,42
115,19,0.005156975194943872,0.0047904614792551965,0.012702210069609898,0.009089402842993186,38,23
135,1,0.004854284068193443,0.005308322485171086,0.011344025956729576,0.010159577358103815,24,60
155,3,0.0055164939326718745,0.005264272280901666,0.009875198404098236,0.009651728489012785,24,51
175,2,0.004752155427196147,0.005260622161718765,0.008965469768793491,0.012759860118952826,27,64
195,14,0.005029481673682657,0.00455440972791916,0.009903347916883874,0.008693812266947137,38,32
215,4,0.004753728072134612,0.005128155165866503,0.009346531872593263,0.017804479066326474,17,40
235,6,0.005268162990040524,0.005271666606338927,0.013338477274091641,0.011670582839225141,26,41
255,5,0.0054651595074288045,0.005047467167270115,0.013070545040729591,0.012365561435699682,33,45
275,10,0.005105631950055175,0.004730240340748339,0.008125698211987336,0.01008039529719047,17,34
295,9,0.005816259375820922,0.0049142729094323575,0.011060156877714408,0.010892763705757348,17,36
315,8,0.004900270162685492,0.004929951224625842,0.008127615095122403,0.012660151419210085,20,36
335,3,0.004124038294151471,0.0048758125570520705,0.0052755144122635,0.01253569359156979,9,43
355,8,0.005379942980354686,0.005294906552000834,0.0111913389406154,0.01305712665784145,49,60
375,5,0.004468153717608191,0.004906529058560915,0.010703177536394009,0.010640214317732391,27,36
395,6,0.0042261439564689526,0.0051178264066576145,0.010165301488901605,0.012258297761586469,21,26
415,1,0.004820552123891179,0.005168049584315018,0.009446447826611,0.018460253555617968,20,61
435,1,0.004632365699716656,0.004986965677617953,0.009257804121989104,0.014345532782290947,17,61
455,8,0.0050041763690776495,0.0046392310113552455,0.00896666831636596,0.010972238307531523,33,40
475,12,0.0053103196266463615,0.005336467658077507,0.009058493320304657,0.011513600281784966,37,32
495,1,0.0044872351631020145,0.004979465730313028,0.008864810462344764,0.009947783520793629,14,63
515,6,0.00492981078726293,0.0052205380019734755,0.010017331617459798,0.014147770044549847,29,39
535,3,0.0048751827536358955,0.004880509687155108,0.0078068054334917624,0.00963049198926877,14,22
555,1,0.003947900399885631,0.005046158516833462,0.010104761778887994,0.01265721250919647,20,44
575,1,0.00595398051475991,0.0052629927243466644,0.008897261592755962,0.014915145238925329,14,57
595,3,0.006123037242740792,0.004641498917624971,0.013670115487767571,0.017112340711677068,14,62
615,2,0.005544005346150878,0.004917893242574702,0.010624359832704638,0.012205398092158915,28,68
635,17,0.0052484553120321215,0.005507574166739884,0.01145116177114448,0.010097819095792307,30,18
655,5,0.005238344643952935,0.005097415214079072,0.007814159817352938,0.009718074248690818,26,39
675,5,0.004868216931752338,0.005340355429512459,0.015793109273574638,0.01192654792038594,31,46
695,3,0.005704340323349433,0.005149592020892465,0.009388778624934849,0.01248806211594244,17,51
715,0,0.004553097150357917,0.005036200161853072,0.012925490898611829,0.014787056050480054,24,91
735,0,0.00494636763872153,0.005396448096962564,0.008693849565988284,0.015077765334455784,31,55
755,15,0.005396831642771328,0.00447371897582596,0.010307162065340195,0.01151889271428736,33,27
775,2,0.004877345251890265,0.004889730809679164,0.009175865151395277,0.014911085386710309,32,73
795,4,0.004971902175682421,0.004597231054975511,0.008611508928066839,0.00844321529014757,17,23
815,1,0.004933650096068693,0.004626133595195914,0.008085524039017827,0.010712731013254729,15,48
835,0,0.005028360659214278,0.004714041665780717,0.00820200190890691,0.00752290969414389,12,39
855,0,0.004550250381886206,0.00552111484752205,0.006362943194074011,0.012241844057384115,12,28
875,8,0.004773062101655076,0.0044341499449887575,0.008770219167019967,0.008524942911328656,39,43
895,2,0.00407719540733845,0.0055751252854453395,0.006619466519863024,0.011119652070797226,13,30
915,8,0.004575348156319966,0.00524633376883267,0.01020637080666472,0.011263448247181956,27,30
935,3,0.0047545119515746345,0.0055725390928143,0.01138144214869475,0.017473829838524642,23,49
955,7,0.005149188452550757,0.004606710456544069,0.008681830989016705,0.008290889165466508,38,47
975,4,0.004960828005114896,0.00463151713992906,0.009986839361963077,0.00764481882022395,19,39
995,2,0.0059057919385537136,0.005360625641004536,0.013574479021056659,0.009586336445236229,13,36
16,3,0.004359074135517143,0.004985802162394625,0.008561937922882056,0.008530466117119858,20,45
36,13,0.005334024412187328,0.005123580267863065,0.01206519828955283,0.01286088406709374,48,36
56,6,0.00549017623193209,0.004505032736222904,0.014298527541037631,0.008735479540104611,32,41
76,0,0.004454653943905539,0.0047208527304463035,0.007240381226234421,0.01062238209315102,6,37
96,4,0.004912485677276148,0.0051523007642270725,0.009505258611289744,0.010646178122072069,21,33
116,18,0.004679533270379078,0.004231011862977395,0.011953560855815826,0.011457821418656243,38,24
136,0,0.005179094176337419,0.0049616271127536785,0.00881111213874018,0.012624184632600002,8,37
156,5,0.005063691597870834,0.004780608045539596,0.012266380472647036,0.01249345773786568,14,30
176,6,0.004086998022726289,0.005297190923538575,0.00728739518013365,0.011405856434246762,33,39
196,1,0.00505429738347576,0.004898317249865124,0.007504970765385723,0.00928676289686908,12,44
216,3,0.004872981847454146,0.0052912624291137755,0.015566026505477396,0.013794443188204138,46,64
236,4,0.00500774217699648,0.0050923573360785465,0.01001691440896073,0.012183407349492236,20,59
256,2,0.004692305069072728,0.004836526562663542,0.011711868562022758,0.013949592801811659,52,88
276,4,0.00464159638275158,0.004985369885533585,0.01171697107714873,0.01066655692230408,32,53
296,5,0.005144548329252232,0.004824329931762744,0.010983513872990585,0.010594345368594759,27,42
316,1,0.004340486008301194,0.0045141241025407,0.0067052138098490895,0.007721722495403691,9,39
336,0,0.004426010722667772,0.005278814412923053,0.007688481763033001,0.011154521259411002,10,35
356,3,0.005036033993241708,0.004771280179402985,0.012963242402475204,0.011365668524981623,18,80
376,4,0.004393425215024286,0.005543077131701814,0.010748651589045158,0.013651894976324587,18,31
396,6,0.005684381949356296,0.004676740101556806,0.009720301388647427,0.009525908122531141,26,42
416,0,0.005106324548791875,0.005131453098337915,0.012948019420799756,0.012890911684137234,27,85
436,4,0.004480685032796886,0.004255009362937229,0.007352312579666777,0.00870442210041439,19,22
456,2,0.004765835928748481,0.004863610626336304,0.006978763067345221,0.008753751100122583,18,46
476,9,0.005155655761849039,0.0044193135489632406,0.010302436362578691,0.008491231730268793,34,35
496,3,0.0056366590441234606,0.005096254084289599,0.011103385343413884,0.009973647715499809,23,46
516,0,0.004836575353810373,0.0050237152365943715,0.010793274851219458,0.012758316489853205,17,43
536,4,0.005401556641196889,0.004464890886802195,0.011675623265365974,0.008217697203761785,24,39
556,6,0.004875886158482919,0.004559326417241651,0.009316556278348456,0.011314782582755242,17,28
576,5,0.0054086473433472785,0.004956624495641332,0.010958249005489407,0.01022188546174484,8,28
596,4,0.005008192069667433,0.004865330902254191,0.010378958007466632,0.010839717086303649,27,61
616,8,0.0051654198491866,0.0049833762451091355,0.009282360472289385,0.012039862989424293,24,27
636,4,0.0047105788108118465,0.004628523888094475,0.011925372421438473,0.009184120211374365,16,46
656,2,0.004584829545693939,0.005310346270953902,0.008930497035502876,0.013372411683051571,22,58
676,3,0.005237057720875803,0.0050192430121483575,0.011690509499282013,0.008587488050754485,15,39
696,11,0.005223059040947015,0.005407420450282099,0.013813963612267777,0.0118794105196511,46,42
716,11,0.005385345942639095,0.005166573913288207,0.01825992221410573,0.009537640187373759,30,39
736,10,0.0047011549253287216,0.004638196672328663,0.008451205448459233,0.007643684498962227,53,31
756,5,0.00593295735747733,0.005986148331741219,0.01701464824502491,0.022188464148422057,13,26
776,3,0.004667879627017842,0.0046715114019073006,0.010824487466634431,0.011334257220488943,27,61
796,4,0.005159540214389219,0.005328558123873992,0.010587142000850482,0.014127706130192997,24,46
816,8,0.004700232471200651,0.005046551469807887,0.009791033180705634,0.011010398480897932,35,36
836,6,0.005442327208179085,0.004494009070231373,0.016924599518785402,0.009361707119396542,23,50
856,2,0.005757159990977514,0.00528312376025822,0.00956147514325492,0.00915991406658978,21,57
876,4,0.0052104092163442,0.0052458558261428475,0.010597741763120998,0.010405255433213604,25,38
896,5,0.005208675261688721,0.004317171783953561,0.011166355851370355,0.008788839110356323,29,45
916,9,0.005311166135437435,0.004924805691238085,0.01356074443455636,0.01088266172845156,29,33
936,13,0.005169705857184375,0.004796635739725956,0.010115372307453477,0.01378846598110246,26,27
956,2,0.0038563768040033477,0.0051219526240566535,0.0067290100098794286,0.010825845729270957,24,60
976,6,0.004920090554021621,0.00573243575225156,0.008787489916108927,0.010694459662736043,30,29
996,1,0.0047385945145934786,0.004993044248540946,0.007954398152490456,0.008977530715791944,20,47
17,13,0.005662234954494181,0.0046687786928555144,0.015052325197417456,0.009941320981735634,31,38
37,9,0.005619940028629116,0.0048398292112802185,0.013176003319904121,0.010151252660542714,29,49
57,1,0.004321066247153776,0.0043069182481366075,0.0079789749648113,0.010617259008452569,19,40
77,0,0.005158894190307072,0.004947309986567968,0.008564118662385966,0.011435913892690065,24,90
97,3,0.0047273388722157954,0.005105127095860758,0.009802335091375349,0.009886349472785256,21,44
117,2,0.005147388905240011,0.005415314779191704,0.009445300781297293,0.014153486416782112,21,35
137,1,0.0046148125011555826,0.004857138782728308,0.010614720486172492,0.00936992523781887,25,73
157,4,0.0059091116769263655,0.004834633315019251,0.010031234521033876,0.0076862101670512875,15,34
177,5,0.005094690425356028,0.004579849907183775,0.00866312116092431,0.011566546491822014,25,52
197,2,0.005116453455417043,0.004919991079415858,0.009241502808716443,0.011117238718612279,21,47
217,2,0.004740655395309119,0.0044867017426171996,0.009832417404988431,0.00872073677733673,44,77
237,5,0.004835568416384632,0.005543081604575281,0.008398609103745302,0.01378684251835298,19,37
257,8,0.0047602655245547855,0.005083325614850104,0.00904493315214294,0.013890262671558328,32,32
277,4,0.005027098320350024,0.004841379424068536,0.008132910597205683,0.010027510197064384,26,37
297,12,0.005268399083717561,0.00504992789743671,0.013618941918056168,0.01171828451608491,70,50
317,11,0.004532196024253266,0.00513188463666131,0.012526725622359585,0.010305300971289302,36,39
337,2,0.005454773201909548,0.00488934750346929,0.011941961742675613,0.009636991128245656,20,54
357,7,0.0051429446313464725,0.004939404949811752,0.009247658112995577,0.008926184695917699,42,52
377,4,0.004503289531174445,0.004942027610897586,0.008907875425343716,0.014251144968946012,14,29
397,18,0.005093532253860332,0.005311460757668792,0.01215344564691772,0.0111656822860404,80,40
417,4,0.00444541147264355,0.004846676161621546,0.007896509554579297,0.0086290895349387,24,45
437,8,0.004749283573252236,0.0050703651673207825,0.012019559273410115,0.01268682253927771,21,31
457,15,0.005173771862913447,0.004415793955084723,0.008668697055603287,0.006542989322119474,34,24
477,7,0.0050384526507833505,0.005319796144814581,0.007682629164257541,0.013195334199720634,23,29
497,2,0.004516965073540576,0.005029847168567443,0.010403868896661264,0.009220269073899669,30,60
517,11,0.005670072363342776,0.00500147948161152,0.009777007728979551,0.00919453969447342,27,31
537,16,0.00442379860800532,0.00505045499531273,0.009923009136163258,0.010476661965031374,45,20
557,2,0.005523202969238249,0.005743132004603901,0.008963626736026721,0.011294462755431785,11,38
577,1,0.004392010498838864,0.005587429016485525,0.01091090128089219,0.015057156648094953,23,74
597,3,0.00465031065710845,0.004706125618260483,0.007781916920742075,0.008985561839470932,21,38
617,7,0.004491652928101801,0.003982562851897312,0.008579587803940665,0.00887988872041791,29,35
637,4,0.005016009525205686,0.005734514077972993,0.01089637165012356,0.010639700260998818,19,37
657,2,0.005092460474010886,0.004858442181007542,0.013478724108826744,0.009680405893162346,20,40
677,8,0.005085763109842353,0.005356035389637064,0.014116455988989257,0.011951740967518084,33,54
697,5,0.0049324284966152845,0.004888628973775993,0.006773868595870629,0.008803256010608308,13,20
717,6,0.005292124262513171,0.005651700923822749,0.012862031718261118,0.012330985020766868,29,46
737,2,0.0050684587654071115,0.004904769745758344,0.012170940897052795,0.008902281489619666,20,53
757,6,0.005129152276478253,0.005357879028412949,0.015480726338849482,0.011930146343547157,31,31
777,8,0.004337154338716491,0.00534560196098279,0.007721174058188937,0.01062691412512197,21,23
797,7,0.004705856627072718,0.00487262181917271,0.009867916052393035,0.00863599354103969,27,36
817,12,0.005621483001571457,0.005886406286982078,0.012469393633024942,0.01034047853914434,41,28
837,1,0.0051362937627416035,0.004942144847677261,0.010733915422235358,0.01101425634388897,14,59
857,12,0.005758006621705061,0.004645162906633122,0.013889362691151676,0.009595571567519005,29,42
877,2,0.004722286227986409,0.004738993939631891,0.010794059067477794,0.010389349782633605,23,38
897,1,0.0048080666313312205,0.005022437902642838,0.007496833524494872,0.009697385804393322,17,42
917,6,0.004557433610690983,0.00481649679180823,0.009086930688992802,0.009968378916191152,23,32
937,1,0.004706755182708996,0.004718181772094707,0.007414582021530895,0.008398776318402325,16,37
957,5,0.005070762893400797,0.005079665985237841,0.013349371861950192,0.009270244962817434,20,29
977,1,0.0048838833560857385,0.004625526290129879,0.00637871936775835,0.009334241742596115,13,40
997,4,0.005411271252098129,0.005123036675451725,0.009022236661607187,0.01275323622135882,26,52
18,2,0.005175172718015714,0.005223799404288318,0.008387250062976248,0.017342554505786974,13,34
38,6,0.006077425606399543,0.004503956531690258,0.012634884665625302,0.01016866042797948,24,54
58,15,0.005203294983560308,0.00543324235581821,0.009777478038737138,0.010162367275805216,38,27
78,9,0.0054841317403788465,0.005179378743414086,0.010911495482149923,0.01259894824281485,26,42
98,9,0.004547418181512119,0.004821438516260593,0.009361333795379062,0.011819477146761313,22,27
118,2,0.004538455437508525,0.004828826269493051,0.013462244183100968,0.010410911434437255,20,53
138,0,0.005050928349091275,0.0049226686852943905,0.009216508323394471,0.012997173083807151,17,89
158,14,0.0049570431616809685,0.0050452266496071535,0.010303595328549044,0.013266997977369568,62,50
178,5,0.005508208800810474,0.0048588285063383,0.009582350791922413,0.009769942529007751,18,44
198,1,0.0044894622918930935,0.004942428115620276,0.010939158873055995,0.010460548358431578,17,55
218,8,0.005673836683363565,0.0047567145520435675,0.015434973805619609,0.00942744142964397,21,43
238,10,0.005260465421005525,0.0048123069062102,0.013426598901622271,0.010845964626393723,32,29
258,8,0.004788415501629968,0.004967356093378387,0.012492100373699277,0.008610181124166666,34,32
278,7,0.005159962004151407,0.005329813412348945,0.010132360755950328,0.009362328438218976,27,35
298,1,0.004288073859490241,0.00445065971256633,0.0073681429259900766,0.009128203487911223,18,61
318,1,0.005753456615669479,0.004663666008122012,0.01888322668492345,0.009211764888904251,8,37
338,17,0.005661605928713617,0.004822669034377542,0.01340798639905691,0.007922506331986502,29,36
358,3,0.004874979795404342,0.004529188140903735,0.008626793163450908,0.0075840119262191065,14,28
378,15,0.005385400542555596,0.004480376425371477,0.012206223329692966,0.008963298407592251,47,34
398,9,0.005351311219297788,0.004585934505971335,0.00946583129686697,0.009640042517476105,29,45
418,2,0.005306064807434613,0.0049314880867038936,0.009569482913450365,0.008289871601995173,19,47
438,9,0.00564217053584366,0.004524140130465438,0.010417061908805156,0.008447890626934157,18,35
458,2,0.0053826008604921,0.004965695584023276,0.00809497284616452,0.011152415056073369,12,28
478,17,0.004993499903687416,0.004728768004998914,0.009209930934392194,0.009049204939504724,45,30
498,1,0.006643692149406432,0.004727979521283091,0.008461784660962436,0.01507878125229596,8,49
518,1,0.004033625593170681,0.004869266398340791,0.006922299080674814,0.010350199613115372,11,63
538,5,0.004843269414997345,0.00506643251119512,0.009713942921224373,0.010433233921261902,26,29
558,4,0.00520927788750451,0.00538267433879441,0.009292743718563316,0.009279055819938846,16,44
578,0,0.00491024006345817,0.005110830081431786,0.007699856155253223,0.010095770212887684,12,48
598,8,0.005286455821360044,0.00490091314117126,0.011609507534974806,0.013042982861948329,54,58
618,9,0.005107934535604271,0.005392374157172432,0.014467478073461713,0.008397646854484393,39,35
638,6,0.004290946395798974,0.004706899058888397,0.007112346438900103,0.008858617408621176,25,37
658,6,0.004476434920794714,0.004760699967019307,0.006892109847674429,0.00993051372732753,20,23
678,0,0.0051347842936681175,0.004723572087844614,0.009709046408989086,0.01022850693938027,21,66
698,8,0.005042425782368795,0.005018730637051975,0.009729631459244482,0.01000018359221287,35,33
718,17,0.00486309042643598,0.004848638828530892,0.010299941557169859,0.01108204189784608,36,25
738,1,0.004623993283719631,0.0055760560398508035,0.007988391768528858,0.013095477623038143,17,40
758,2,0.00520112486688308,0.00509607877543561,0.00906371661750652,0.01069548405390132,26,52
778,6,0.005256888044892625,0.0047104690538423465,0.011716902479555391,0.015991532747666754,27,47
798,6,0.005290676354776246,0.004933766752924121,0.01304363564018318,0.008852182560196634,27,39
818,2,0.0052497184179384065,0.005075635125678329,0.014119597612686031,0.010622377977095431,22,66
838,2,0.00501490258043541,0.005535277007578403,0.011435241717072251,0.01666207807005565,21,58
858,5,0.004719061582870192,0.005214759054044553,0.013047815806211468,0.01177472748034989,18,37
878,6,0.0056765684199308036,0.004737693201848811,0.012067573236999592,0.011382238845494809,30,63
898,2,0.005363068600098421,0.005590020144356948,0.008397823289846064,0.010288274522501174,19,43
918,5,0.004422331969687103,0.005182331590871304,0.007179624855528926,0.010563717338035142,17,27
938,2,0.0054676382664571406,0.005108466894141147,0.00910000537020342,0.011519143196143392,19,50
958,2,0.004010363305968703,0.0050747086261338,0.006859154804359358,0.011907687542313958,16,30
978,6,0.00474226266083658,0.0047617973079589525,0.01091959788630178,0.01074034320146212,36,42
998,4,0.005180558811745639,0.004752357238290492,0.010388919740260131,0.009777828257346492,20,43
19,3,0.005084685522216821,0.005089833747656049,0.010435051094746432,0.01233370539107903,17,50
39,2,0.0047703247074412135,0.005269898129956237,0.008572891948942694,0.0131556664480835,16,43
59,7,0.005016657166261586,0.005510503924860181,0.0080952166537455,0.009345813253996764,27,33
79,2,0.0057857853815501065,0.005124152322717881,0.012657790645830645,0.010712577945983034,18,48
99,14,0.004841398461840608,0.005605650902547874,0.012327997027378187,0.010762840441272228,38,30
119,7,0.004877852877297129,0.0054469793924977325,0.01150016985724826,0.015954109305106514,39,42
139,7,0.004693390623667187,0.005126600388390407,0.00880429492959948,0.009117423320633564,24,25
159,10,0.005631197819190918,0.005275228994967687,0.012140436799089377,0.016567695657509856,42,40
179,5,0.004866944404334406,0.004905863532235175,0.013012218374538222,0.011547339898472972,37,43
199,4,0.004771356435527323,0.004893050488577402,0.009225357946053095,0.010420396072737856,16,35
219,3,0.004530586304279425,0.005101480491322462,0.008033096462936585,0.012688406419953991,22,54
239,5,0.004945391883865735,0.005097243290918399,0.009737521268858093,0.013095027390392745,46,59
259,10,0.0049659931000637795,0.005183368492334952,0.01019267154706535,0.010973768896488613,36,31
279,8,0.005173391490916746,0.004984870171947567,0.011134842871406996,0.009269378743509216,29,28
299,4,0.004786260758800721,0.005516071104235405,0.007428535239634616,0.01370779278832095,20,31
319,2,0.005027925864805124,0.00511112235650917,0.011346171268992284,0.010809131849623984,16,48
339,10,0.005153792161983529,0.005126728588317031,0.011649284086453602,0.010172836142536196,25,40
359,4,0.005253622785719999,0.00480462026232516,0.012661266888458584,0.010617189153002042,24,46
379,0,0.005395113919061035,0.005010988890183865,0.013264113125726062,0.010376683944578604,34,79
399,8,0.005313759158620273,0.0054971729356721385,0.009560955754500002,0.008133296821647694,23,20
419,8,0.005081302175081757,0.005195644348892458,0.008530099076695389,0.008858020325552796,32,36
439,6,0.004404731858186397,0.005153966738829207,0.007124070821676449,0.009669208948032549,20,22
459,1,0.006154067755549975,0.004802931806770982,0.01502858831984559,0.009758731159716058,10,36
479,5,0.005590123448047327,0.005216313970144817,0.009540818311068464,0.011873852027461612,12,37
499,7,0.0052267666979311685,0.005067035476916077,0.011432562389082052,0.013437494719653286,57,52
519,15,0.005384443374250792,0.004864791450023861,0.011825231364000415,0.009802114900628113,57,50
539,1,0.005520642804485854,0.005045041151096354,0.012160912358110608,0.011480206181881074,15,65
559,0,0.004275100928190475,0.0053123581533488255,0.006833772544218541,0.0101961698062054,16,64
579,11,0.005174125631827979,0.004562303868693311,0.011462086604495715,0.009122502724070409,41,48
599,7,0.004600193916643387,0.0052175197440887215,0.008873277432388471,0.009984879139925887,34,43
619,4,0.005268970560906171,0.005163394848082071,0.013212480097030679,0.011779875957197851,28,51
639,8,0.004765305599195568,0.00421086596468411,0.008592840800842577,0.00797451935131665,23,31
659,6,0.004799723367615796,0.004875425479269324,0.009305100860523044,0.009877801854075923,25,40
679,3,0.0046890476758190535,0.004953026124916081,0.011759380313860156,0.0088357206164956,17,41
699,6,0.0050791430981991965,0.00463687199753933,0.012927378725951438,0.008736745928363494,39,43
719,13,0.00541609780441939,0.0048705672490392295,0.012978257588666216,0.009967634648967641,34,40
739,3,0.005061702692004833,0.005140647517236495,0.012362371008322109,0.013440698691620826,27,48
759,11,0.0051671808309523394,0.005000510299857477,0.017264858778332483,0.008831568633979733,44,46
779,7,0.0056522448949221675,0.004683161213496919,0.011656865277931795,0.007614704009921816,27,36
799,13,0.0046173412205202154,0.004788799610470466,0.00932603878413938,0.012078071127549838,45,25
819,8,0.005151797817009648,0.005187797744467644,0.010160857613908829,0.009231179589911414,14,26
839,2,0.005295486675901272,0.0048032236553386225,0.008224963180022889,0.01006542477671753,9,32
859,9,0.005814699122100811,0.004903128605453301,0.011103030384559127,0.007640210514576072,19,35
879,6,0.005222585289875444,0.004731630105519126,0.010637467225965955,0.010200644237909187,17,40
899,0,0.004531208178677369,0.005039657266157354,0.009098089040762309,0.009032471672035872,24,70
919,0,0.004627244826303643,0.005475260596839407,0.0074513949198316606,0.011130125202855322,11,36
939,2,0.005086214823752829,0.005452325243838807,0.011058525252743794,0.013484110933359777,23,69
959,4,0.0050213907116090275,0.005108797000085018,0.009841946735091705,0.011716076863342972,41,61
979,6,0.0048833900185078615,0.004890927132321739,0.007357976513421797,0.010168857116415056,34,58
999,11,0.0045871598692743005,0.004718337863398991,0.007241131125755943,0.00792177209986261,45,46
