FR,num_exc,num_inh,avg_exc,avg_inh,max_exc,max_inh
23.0,26.0,29.0,0.01168640188374746,0.004887295593240279,0.013525366083854412,0.006771412311745471
20.0,17.0,34.0,0.012164337106423914,0.004831419143155961,0.013892065572191682,0.006269010359906351
23.0,18.0,38.0,0.012331637768585684,0.0048256679945598464,0.014113548310690519,0.007156305840880825
20.0,19.0,29.0,0.01140726514146042,0.00498230491834172,0.012805463162976805,0.0069923558869703925
17.0,17.0,34.0,0.012195116018103287,0.004963806950976972,0.0147064604354946,0.008132947897590519
11.0,13.0,54.0,0.011946289396076904,0.004992307575020761,0.013176867835653078,0.0074916343762007126
18.0,23.0,41.0,0.011616964401539894,0.004987195174558828,0.013132064337067059,0.00720763558944023
7.0,23.0,83.0,0.012291431459060424,0.00502418773291667,0.014857962042209712,0.007998787915666798
15.0,20.0,48.0,0.01217823760357454,0.004939510105739351,0.014468859959215544,0.008797148875074781
5.0,16.0,53.0,0.0117132793859913,0.005057522478029341,0.013214048787438887,0.0066503904522686895
23.0,19.0,30.0,0.011622158796796272,0.005004798906255515,0.013629008371598035,0.0063102006004539255
24.0,22.0,32.0,0.01242678473148983,0.005063035446786149,0.014670036618045747,0.0077956440962011235
19.0,24.0,36.0,0.012015643447721413,0.005061678389874007,0.013855443434311498,0.007351475981270195
22.0,24.0,42.0,0.011803636758933369,0.004960957327279147,0.014680760642259037,0.007368234677163126
17.0,18.0,33.0,0.01233261829935435,0.005227065153247034,0.01415974590064421,0.007066806087005204
23.0,17.0,29.0,0.012125317232918141,0.005233932171106348,0.014624408093542297,0.007228981602953526
25.0,32.0,35.0,0.012056654993784223,0.005094655951317569,0.013528574300136029,0.007184876085277999
21.0,20.0,29.0,0.011598137135277721,0.005190460722586255,0.013403649041938215,0.007118537283547519
24.0,32.0,39.0,0.01209822923399052,0.005010462027428731,0.014147238582573825,0.008432923109117583
16.0,13.0,40.0,0.011960575513792942,0.004941516576300271,0.013474041844066836,0.006819273409873082
21.0,24.0,25.0,0.011878422426579887,0.0053738817546752,0.014219771460249444,0.007434502616568452
18.0,34.0,52.0,0.012293373599748456,0.0048012655951868025,0.01490408158675729,0.007274037357139034
4.0,23.0,73.0,0.011783385373096531,0.004984412303820685,0.0136487744948397,0.008479964391433885
12.0,19.0,54.0,0.012040965850283022,0.004740316021626154,0.013528856456496012,0.006888166092357447
25.0,24.0,30.0,0.012279851799403836,0.004815446302532811,0.014033699520931496,0.007823195835840463
25.0,39.0,33.0,0.012117352639359666,0.0051002711650396035,0.014106139023166216,0.008284596421348078
24.0,31.0,45.0,0.01191877049143215,0.004834837695518414,0.01398571061548849,0.006743766148197504
29.0,28.0,25.0,0.01207613070669546,0.005108632002903595,0.015557929217609325,0.007429411591390719
14.0,23.0,46.0,0.011874640083791807,0.0050487581869185045,0.013963383365569841,0.008137812246214876
17.0,13.0,45.0,0.012447970959639176,0.005179908974786421,0.014208055883161944,0.008336843767863188
26.0,57.0,44.0,0.011822832304675363,0.0046379427675384425,0.014125298412439818,0.006524714654223717
16.0,25.0,50.0,0.012155117021873323,0.005078087295190804,0.014045164320305913,0.008619334281633561
25.0,17.0,25.0,0.012126319150932777,0.005194664086838242,0.014210117230343013,0.007019344350478789
18.0,25.0,48.0,0.012050777445965593,0.0049034488599191215,0.013857564502967613,0.007551682234440041
17.0,15.0,45.0,0.011586703474467715,0.005062877396554738,0.013176738529722721,0.008366340932141956
28.0,46.0,43.0,0.01196534674658232,0.004897820508177032,0.013968981686227473,0.007779856716727789
27.0,35.0,34.0,0.011891952515144869,0.0052094588520064,0.015202174265773184,0.007632382694130123
25.0,23.0,31.0,0.011778036875199826,0.0050519522240577795,0.013652420246709668,0.00723635658727855
16.0,17.0,36.0,0.012056229362124296,0.005212503721368538,0.013606876956983193,0.007087236327650564
26.0,21.0,32.0,0.012203733604074276,0.004972253742597265,0.014544829120185171,0.007256394409750187
18.0,22.0,44.0,0.011850142682299787,0.00516938493137496,0.014335230044207206,0.007952927618849494
20.0,46.0,49.0,0.011931626561210296,0.004936867665946561,0.013695055226247392,0.007357750667192308
26.0,22.0,33.0,0.011868888106688813,0.004863631683744372,0.013546488923850993,0.00653413211551229
22.0,14.0,22.0,0.012028050907969207,0.00486236454622487,0.01282085633363458,0.006920357485180127
13.0,26.0,46.0,0.012061287441321431,0.004989550620396118,0.014637868692873804,0.00805828935121244
21.0,19.0,32.0,0.011852708049513482,0.00489738547055201,0.013150300418774349,0.007512234169635507
21.0,25.0,34.0,0.011788009754143005,0.005174576558271503,0.013896781559228005,0.009230865925883793
7.0,26.0,69.0,0.011866563359988334,0.004835893544354293,0.013488391595305694,0.006798816923224402
23.0,36.0,35.0,0.012281011436759809,0.005120048172455474,0.015369134219288897,0.006925835696953435
9.0,15.0,63.0,0.012191474214422716,0.005079601776930321,0.01359946450984991,0.008613411421930107
27.0,31.0,33.0,0.012166103708725342,0.005191337836556312,0.014768105398475031,0.007363604724827194
20.0,13.0,21.0,0.011977418510788328,0.00516355451185606,0.013791801050214898,0.008385817825483855
16.0,29.0,46.0,0.012278239957664435,0.0051497184950537655,0.015185001078532243,0.006975534538513298
24.0,25.0,32.0,0.01162357577597968,0.00482360722654481,0.01338684766619103,0.007356984532748281
22.0,26.0,40.0,0.01234275963237008,0.0053064158469887475,0.014581502194042325,0.009717816576127986
19.0,24.0,45.0,0.011920185128724921,0.0048553920070511436,0.014012180713420122,0.006804697237377954
29.0,30.0,24.0,0.012014288630042178,0.00536482963498279,0.013676852086265005,0.008489214241220509
7.0,19.0,57.0,0.012056590977280035,0.005035025382871044,0.01395060495450074,0.006903272876777583
13.0,24.0,58.0,0.011792835066710885,0.004867463530525794,0.013804645135219723,0.007180024522953478
11.0,14.0,43.0,0.011956529364083965,0.004902147769253146,0.013412825624626958,0.007691511555746347
18.0,19.0,37.0,0.011841763090611652,0.005203152026437035,0.014276647066904397,0.00750211581337697
17.0,16.0,43.0,0.012234812385476352,0.004881772847289247,0.013943186668175069,0.007297631853980514
15.0,13.0,36.0,0.011917828034399345,0.00485517549927541,0.013198213514767259,0.0069747916709493145
20.0,26.0,43.0,0.01231433285905491,0.005216044858827185,0.01388619892822691,0.007736794990602916
15.0,20.0,40.0,0.011823089285953471,0.005128656324302804,0.01357347146126456,0.008698746096281119
23.0,28.0,43.0,0.011968534963836016,0.0047626679975812745,0.013516346027838034,0.006831854440369543
37.0,51.0,27.0,0.012024276455972337,0.005033514562417746,0.014122983412859,0.006522275169384614
16.0,12.0,40.0,0.012089788279890516,0.004759943979108885,0.012864454999814288,0.006852923115311282
23.0,17.0,31.0,0.012147991623268259,0.0050180021408403365,0.014030003576806293,0.008151021144623712
14.0,41.0,73.0,0.012042591082662774,0.005140802276571586,0.014231845827326863,0.008013913856928507
9.0,15.0,52.0,0.012561121728242874,0.005183842986899611,0.013716176834775426,0.0070015015392200074
20.0,27.0,48.0,0.011852200407506413,0.004960564283883396,0.01382691636443415,0.007819620646992589
15.0,23.0,44.0,0.011959642770195542,0.005150659073469364,0.013066315684350313,0.008010306930337534
25.0,46.0,43.0,0.01169169270169742,0.00494927126088518,0.013708767549568492,0.007894501510203895
21.0,42.0,46.0,0.01204017008364798,0.005103647618199079,0.01495806398824911,0.008193669884952483
26.0,45.0,33.0,0.011983323520989393,0.00508502729160034,0.013584411817327668,0.007816090089676701
23.0,26.0,24.0,0.012099133630343376,0.004962720623474653,0.013759292319118184,0.0069386519019191935
24.0,25.0,25.0,0.011793058409345804,0.00492987768857393,0.01319436152085649,0.007127884962050816
28.0,35.0,28.0,0.012184763568044751,0.0046283654785756155,0.014274629325544859,0.005997331626237663
13.0,14.0,47.0,0.012128798521641348,0.004922210585231293,0.014026672882429932,0.007489484653877211
25.0,30.0,28.0,0.012018738665470286,0.0048815808662574355,0.014018831725243423,0.007601525691639414
29.0,35.0,32.0,0.011755729152097223,0.005019209828346957,0.013338265629962692,0.007307291299428377
25.0,27.0,35.0,0.012183004054911059,0.0052582703901821355,0.01375009241649458,0.008104310378859548
15.0,20.0,59.0,0.011546703749121959,0.004689722975665324,0.014655873666712322,0.006936989350168502
24.0,34.0,38.0,0.012190184545113465,0.004867014859467214,0.015027501732451938,0.006598280177006497
20.0,22.0,46.0,0.011902532182556613,0.005303983965589692,0.013362251973353657,0.007564959641089181
11.0,22.0,64.0,0.012109074864341473,0.004882898098377629,0.013607222115896623,0.007249619517253231
28.0,38.0,39.0,0.011863364080913976,0.004660895715462749,0.013935259082219877,0.006675805354958339
32.0,46.0,20.0,0.01166055364399929,0.005270386503270093,0.01373994511327334,0.007355584307178375
16.0,18.0,31.0,0.01189326733527772,0.005158324277976239,0.01351523367705821,0.007205219064019894
15.0,15.0,41.0,0.01226339192897028,0.004926368945999914,0.014554796321970076,0.008040293192119049
19.0,45.0,52.0,0.011885280764317977,0.00501858644922904,0.01517967479067656,0.006923238002326043
8.0,17.0,63.0,0.011616052214574162,0.005053153223930213,0.01362034986114972,0.006929153917935526
28.0,28.0,26.0,0.012043040318557505,0.004966621810698107,0.014447177213670115,0.006479335890806826
17.0,12.0,36.0,0.012225967810762841,0.004864782121009935,0.013486433316161978,0.0077176182382118095
23.0,23.0,22.0,0.012191316625533001,0.004989859889923821,0.014113899294085037,0.0068972298250675685
13.0,23.0,50.0,0.01185723651218586,0.005022605241668774,0.013178659859003107,0.0073659274363714455
13.0,10.0,29.0,0.011524644518616395,0.005294910610187215,0.012955717779755686,0.008296973757714305
19.0,23.0,41.0,0.012079694785126079,0.005050667308243207,0.014436448596720412,0.008299292842294035
23.0,13.0,25.0,0.011661628553268431,0.005037295924547622,0.012780527709506759,0.00898218998879423
22.0,34.0,48.0,0.011905006570960323,0.0050789130730067,0.013636180167239793,0.007695418651689352
20.0,28.0,37.0,0.011608908911956829,0.005320166883979479,0.013992105194813368,0.007295851099850522
29.0,32.0,23.0,0.011869118425232516,0.004916543967289666,0.01431695730610261,0.007839942060649053
14.0,21.0,55.0,0.01201430042799725,0.004862409261340493,0.013824305135395254,0.007577093284059921
26.0,24.0,30.0,0.011324687721821672,0.004776532469964063,0.012599674784265793,0.006910540664527227
11.0,12.0,36.0,0.011653214413037856,0.005048810924248076,0.012821386111740352,0.0075214192182712185
14.0,24.0,50.0,0.01185313271263455,0.005095267367053682,0.014121617686211825,0.007435193388255428
10.0,24.0,52.0,0.011906940994452768,0.005042939084189498,0.014213574827757296,0.00820643713285325
21.0,49.0,54.0,0.012128112038787015,0.00488280670735906,0.014229907466658668,0.0074852236927886295
31.0,47.0,31.0,0.012159245125003377,0.005020936811415854,0.014105528142884243,0.007938639204850467
27.0,37.0,34.0,0.011875746043499795,0.0048013535897963285,0.01435720333000509,0.006625850662126136
23.0,19.0,35.0,0.011888379918307166,0.004888599854408672,0.013365002954334064,0.006612812706890309
13.0,10.0,30.0,0.011924565170714349,0.0047555747523173215,0.013738743673236171,0.007344552157280584
19.0,23.0,36.0,0.011914052489867944,0.0051909563964652,0.013381524275032973,0.00716472410115477
21.0,26.0,45.0,0.012283744346880196,0.00491066811883199,0.014531690246058113,0.006696460347825394
23.0,21.0,38.0,0.0124993308718673,0.004890935603775462,0.014137900475676762,0.007558317067448613
12.0,26.0,60.0,0.011914036288800944,0.005096881759216096,0.01417229890024036,0.006898752472265918
10.0,12.0,59.0,0.012198426057435156,0.004967905481299542,0.013330041867722069,0.007873682057750563
29.0,27.0,34.0,0.012030615587090898,0.004750046942253556,0.013676281997610071,0.008330133757188734
12.0,19.0,53.0,0.011918564854373792,0.005055629912800885,0.013371358308649236,0.008363634545085845
15.0,22.0,56.0,0.012013930525845986,0.004990869792919481,0.013900177098798865,0.007747947090533228
19.0,23.0,43.0,0.012158644956636776,0.005020539320697799,0.014657692770484482,0.006913180298575013
23.0,30.0,40.0,0.01204863087114878,0.004928326877918868,0.014030398461182769,0.007496506550380919
17.0,24.0,44.0,0.011981123846170163,0.005075074220092559,0.014572965143024969,0.008108638011025704
11.0,22.0,52.0,0.011712004111789609,0.005049008623562942,0.014346720930446468,0.008115869335216281
18.0,15.0,26.0,0.012192535150668128,0.005272923037942793,0.01403838907438291,0.007452426954968923
23.0,20.0,27.0,0.011755718028561608,0.00520614874697811,0.01353429512018393,0.00748731421051948
22.0,36.0,47.0,0.012026826673917504,0.004884391027558514,0.014712538575485247,0.0077602214806722514
14.0,17.0,26.0,0.011443990794524269,0.004871542727773291,0.01416289485285246,0.0074800639187512594
21.0,19.0,30.0,0.012157951875908892,0.0051547993857861156,0.014040302871996677,0.006984373231744482
19.0,16.0,29.0,0.011884452609088452,0.005155630469765889,0.013209541582635969,0.008185263104955705
22.0,18.0,30.0,0.012239397881275685,0.004958868171959673,0.013940180670599355,0.007614100534055428
25.0,28.0,34.0,0.011569418929933873,0.005039433838948858,0.013993895346364405,0.0075601894627325295
24.0,29.0,41.0,0.012229053437952952,0.004688083669382056,0.014139532253623691,0.006891447028539861
20.0,27.0,43.0,0.011913956696957788,0.004847776769677977,0.014019446641985758,0.007415980010008931
24.0,25.0,27.0,0.01197000759441547,0.0051587052992848725,0.013700304661215926,0.0093553666057169
25.0,32.0,37.0,0.011922766674248412,0.005015245493767714,0.01379335381690239,0.008059904070659972
21.0,25.0,35.0,0.01196319610964109,0.0048419684339344425,0.014300104117530396,0.009435282972053613
18.0,36.0,70.0,0.011892194500025164,0.004924873640713823,0.014170080527153125,0.0069486284203810105
22.0,29.0,40.0,0.012004788336863307,0.004745084111714888,0.014089614979056538,0.008659981471206998
26.0,23.0,29.0,0.012269077329129931,0.004751517126610676,0.014394399496969003,0.006582347190577265
32.0,37.0,33.0,0.011872685603086429,0.004960016959444425,0.01397429723270292,0.00821832891354413
14.0,26.0,56.0,0.012173623107171202,0.005267481393363325,0.014017263784035287,0.009587936442269341
17.0,14.0,47.0,0.011871220910686516,0.005051115517487402,0.01317216443231827,0.008517530137255484
22.0,23.0,40.0,0.011886332779623471,0.0047764415386149115,0.013805798194041631,0.007012860554975043
32.0,30.0,29.0,0.011892903226039765,0.005266933649396266,0.014033532774313979,0.007913001928161658
26.0,36.0,29.0,0.01209518090057589,0.00487789689681995,0.014403078081346747,0.007383450246386086
12.0,24.0,59.0,0.012335426719723607,0.005090840128193356,0.014702483870483316,0.008229448989304857
6.0,34.0,85.0,0.011539257931824186,0.004799146039512574,0.01398425586554583,0.006811507772954927
19.0,17.0,29.0,0.012321074484497156,0.004813382840199753,0.013890420092237284,0.006342744376448349
20.0,20.0,31.0,0.01179911279186976,0.0048289287042604,0.013004515910632551,0.00637684778953893
28.0,27.0,37.0,0.012135486390600162,0.004998038504471897,0.014448076412699068,0.007591180139107902
23.0,23.0,31.0,0.011665861647800127,0.005129493069350311,0.01426157376010152,0.0073321599030714436
24.0,30.0,23.0,0.012110836332550256,0.00509819755074928,0.014476445472916913,0.007171281743098923
22.0,18.0,37.0,0.01186172371230078,0.004859611946633569,0.013464715825919809,0.007037928767911142
18.0,17.0,41.0,0.011858816027644627,0.005099322826452305,0.013029246126660685,0.006870580138963907
18.0,24.0,41.0,0.011565839432577815,0.005136418644019518,0.013161258338626212,0.007403261391033864
28.0,25.0,27.0,0.011921105830989868,0.004955496034899398,0.014042227210497507,0.007991353977713183
20.0,19.0,33.0,0.012071977124527207,0.004939104612892001,0.013598182233588493,0.0073332657126034435
19.0,15.0,41.0,0.011767680872574241,0.0047879330570093715,0.013204401685125416,0.007833812890290977
19.0,23.0,45.0,0.011958031015955358,0.004801698685178268,0.014058593027834285,0.007257106872544317
5.0,26.0,76.0,0.012000912791333286,0.0048592089998054965,0.013499358426326349,0.0073094957266714375
18.0,25.0,40.0,0.011589346327466641,0.004922251198997915,0.01401332732386055,0.007270354632234736
28.0,29.0,26.0,0.011736791162655776,0.005053018175691201,0.013031850444419506,0.006739029425596582
6.0,9.0,58.0,0.011443956489272057,0.004800256957061968,0.01278264024124688,0.006708995480111634
8.0,25.0,86.0,0.01180525456265253,0.004970824868271836,0.013519668681774885,0.007122316075735427
17.0,22.0,31.0,0.01210495374915684,0.004976023247922504,0.013879478728512121,0.0077595793120429895
25.0,23.0,27.0,0.01189738364802587,0.0049558679134084575,0.012962741470334304,0.007213232611399548
4.0,8.0,56.0,0.012083384594521159,0.0049751226160543475,0.015171160468773938,0.008568182317598127
17.0,24.0,48.0,0.012064102865278916,0.005015121320362925,0.013705438608596635,0.007362979570937092
25.0,28.0,44.0,0.01200018684953443,0.004817031367355392,0.013702119973090027,0.007409512006723717
15.0,15.0,38.0,0.01196297262395809,0.004997110398571362,0.01380453727541243,0.00803379565709267
24.0,20.0,31.0,0.012147977911556362,0.005166757205568539,0.01344639005695841,0.0066195450811018285
28.0,35.0,33.0,0.012379069953694793,0.004798491842325913,0.013953283891854329,0.00688385164384864
21.0,16.0,45.0,0.012310361354285988,0.0050656779332563795,0.013606455274458482,0.0070409941028226454
18.0,21.0,47.0,0.01152895398833197,0.004849080404607445,0.013783745407626752,0.006799378603050921
15.0,15.0,38.0,0.012017882329031487,0.005077934816555313,0.013112553313174107,0.007513176824457442
7.0,11.0,58.0,0.011903089385478216,0.005008601591048436,0.01324877830318216,0.007442990243295881
19.0,20.0,39.0,0.011747645463494969,0.005026942879446775,0.01290088289605256,0.006988755108238045
26.0,27.0,20.0,0.012254689137620574,0.0049256534111801024,0.01375292855551884,0.006387479637025632
20.0,28.0,44.0,0.011771902845662707,0.005064180374140984,0.013666713841949577,0.007722759426513644
15.0,24.0,45.0,0.012128814489327658,0.0052573863351025145,0.015012801205719246,0.007619235687085034
26.0,21.0,25.0,0.012111691714369766,0.00468101423274599,0.01418935681164974,0.006377935455998432
29.0,30.0,30.0,0.012040263085420834,0.005159590655903415,0.014549403843510491,0.008301814790847656
28.0,25.0,27.0,0.012308826593383022,0.004997601717086329,0.013920015976780107,0.007247188112075819
20.0,17.0,36.0,0.011857496102161576,0.005038337876177269,0.013772170466788176,0.008154326927957574
8.0,10.0,43.0,0.012168459235756716,0.004913997973299122,0.013758822315196923,0.007031905049659789
9.0,14.0,59.0,0.011912643618791796,0.0049716205582859855,0.013169914068307855,0.010269661842895943
15.0,11.0,34.0,0.012407938332810326,0.004955454245996665,0.01380990982462368,0.007539804105436634
21.0,37.0,45.0,0.011996113032956907,0.005017066776271669,0.01400320866896787,0.006933433912970564
23.0,37.0,38.0,0.01213435000846973,0.0051401476293052965,0.014364847732382259,0.0072825635672148425
19.0,36.0,54.0,0.012185638162966382,0.0050406789096831,0.014255093306389284,0.0070875359459051344
13.0,17.0,41.0,0.012021801341957006,0.005191401597142843,0.01433062306565946,0.006550132747656431
20.0,42.0,54.0,0.01220520736087195,0.004988921587652747,0.014067427157442894,0.008087852329083682
14.0,14.0,56.0,0.012048164494795479,0.0049885310186619965,0.014281272927408543,0.009006949742292422
22.0,21.0,48.0,0.012399570714808392,0.005293233060895251,0.015017073496315259,0.008677033398138521
22.0,18.0,34.0,0.011949104327801972,0.004812609922808562,0.013219453448488292,0.006426373939290311
11.0,11.0,47.0,0.011755173444273369,0.005063294656417756,0.013004637889626143,0.008015298124761946
19.0,24.0,40.0,0.011882835593218738,0.004710001092400422,0.015118876174781859,0.007649974463363919
22.0,12.0,33.0,0.011981155595654472,0.005173730566256861,0.01355701647207495,0.007190232522425527
24.0,46.0,40.0,0.01191940325300128,0.005111622313966053,0.014881871741257088,0.008684920200253876
20.0,19.0,41.0,0.012198683087825058,0.005119082130855758,0.01356389645666002,0.007563137546864338
12.0,14.0,52.0,0.011669220377083516,0.00513863544459272,0.013226584336963287,0.008063650801092653
17.0,15.0,35.0,0.01175252366851973,0.005100989673100243,0.01317231929973125,0.00880579612687584
21.0,28.0,35.0,0.012063621881178916,0.004898265664649194,0.014570948417441726,0.007637947740732461
20.0,15.0,27.0,0.011429775085720541,0.005060136610170446,0.012981773705581644,0.008235341882110371
12.0,17.0,36.0,0.012208485678334864,0.005077711212609352,0.013791818677779209,0.0076171942753650345
23.0,28.0,42.0,0.012437168978510492,0.005322468420223242,0.014316238923229996,0.007770575466531644
15.0,30.0,59.0,0.012203501469624936,0.00480230370605981,0.013991720898445616,0.007627909818915369
30.0,39.0,27.0,0.012153637278412096,0.004692118504671371,0.015008768837322741,0.005931903393050885
17.0,21.0,49.0,0.011955695313389443,0.005100857090885906,0.013725302421457792,0.008269266629762507
18.0,20.0,41.0,0.012172082741160122,0.0048374981294759326,0.013169542500147027,0.00698920481733576
18.0,49.0,63.0,0.011708306429060943,0.0050047860479955,0.014324094177106138,0.007391740891249508
19.0,20.0,36.0,0.012271910600339195,0.004845041461230699,0.0141098539366276,0.007526999317571827
33.0,49.0,29.0,0.012171141242968444,0.00486386226527346,0.013649231662122105,0.006823718188891941
19.0,34.0,50.0,0.011881856366824428,0.005026346917018049,0.015691467554552186,0.007158821067575253
21.0,22.0,37.0,0.012342755858989484,0.004751498999886778,0.013888910188377105,0.005983313237069322
19.0,29.0,51.0,0.011757821655806279,0.004903120921489578,0.01352922948404597,0.008543446525484527
25.0,19.0,49.0,0.011740244940329535,0.0048031818007743966,0.013157745238286727,0.008582799153157432
29.0,38.0,28.0,0.012117417846776756,0.00557200879653437,0.014024564111350262,0.008914598613051656
20.0,23.0,27.0,0.012090024525379548,0.005219227270239771,0.013916766101760744,0.00854506878339416
18.0,36.0,63.0,0.011810078115444898,0.004902198492449639,0.013617937451822007,0.007848501756401947
24.0,32.0,32.0,0.011939913297953964,0.0047634885861780225,0.013746432046623723,0.007010952399572092
22.0,26.0,47.0,0.012321178242210016,0.004976377609296943,0.014038232339665413,0.008054960048740486
21.0,16.0,28.0,0.011708382959940427,0.004729447785375228,0.013706116948382762,0.006494223172674273
18.0,26.0,48.0,0.011733011668050216,0.004878866458036599,0.013761411881113132,0.007490937546241199
33.0,31.0,18.0,0.012285674723421668,0.0049246952764812465,0.013908116959000924,0.007277000150272467
22.0,31.0,43.0,0.01206288022401642,0.004997383572623765,0.014300550385517941,0.007509469019995193
18.0,15.0,23.0,0.012338689152582094,0.004599494939598929,0.0137058711423951,0.0060527894162987796
16.0,21.0,36.0,0.011845538622191329,0.005096841661146433,0.014440317486942866,0.007114518750445342
7.0,14.0,65.0,0.012017094445962622,0.004891292336960593,0.01378734155800193,0.007651711795489019
15.0,24.0,55.0,0.012244420451650214,0.005056029964147897,0.013998805995503478,0.007113327642542434
25.0,45.0,52.0,0.011932242874316169,0.0049782393911530064,0.014495559436546946,0.007974827942117329
20.0,26.0,40.0,0.011837773713038577,0.004897367353126928,0.014898085832716916,0.007415473746441427
17.0,24.0,47.0,0.012334907586346288,0.0050865547447925905,0.014829348135391225,0.006983301174137491
14.0,17.0,50.0,0.011915461926909884,0.004935125426873429,0.014359047884616085,0.00793325261163296
7.0,19.0,71.0,0.012098548562737952,0.004724719207257084,0.013684805269340471,0.009333820893457743
25.0,20.0,22.0,0.012093564859308379,0.0050791672780313895,0.014330292990217382,0.007273625193779356
10.0,11.0,52.0,0.012032706843492086,0.004877764306809262,0.014062966799106206,0.007753265221825461
30.0,28.0,30.0,0.012024293770996636,0.0047370920488878105,0.013929276710629464,0.006586849562991355
21.0,21.0,32.0,0.012444550180527966,0.004881159195412937,0.014400982390193613,0.008195392865871988
18.0,15.0,28.0,0.01193445858754578,0.0050668283334837855,0.01341997202618218,0.0077413744737703126
21.0,35.0,54.0,0.011827311398928123,0.005148405390028307,0.013330264168849654,0.007349499825811494
25.0,29.0,40.0,0.011749402066604592,0.005052619922868007,0.013075382745787435,0.006930967729387634
10.0,50.0,82.0,0.01196746353987488,0.005057293227771822,0.014693833193938044,0.0072395643932523955
25.0,37.0,42.0,0.012020367013039795,0.004843027731360138,0.013989057723505994,0.007370846565190306
12.0,25.0,56.0,0.012132550011949248,0.00476185508294206,0.013575670154108745,0.007475490195706297
6.0,14.0,66.0,0.011502748482823916,0.004933005571544689,0.012938032791454564,0.0070094087107933035
14.0,27.0,53.0,0.011897216459610107,0.005165371450345221,0.014666525160634018,0.008418599759566072
23.0,22.0,21.0,0.01148671176589803,0.005215948708006457,0.013593921068177672,0.0074000383961796345
28.0,66.0,45.0,0.011886216931626557,0.0050609784029791716,0.013973620533842102,0.007572809053852413
5.0,17.0,61.0,0.011961807841074387,0.0048712111130710225,0.014489109322623143,0.008123302431055506
25.0,29.0,36.0,0.011891554294369895,0.00491851267293379,0.013305818860765184,0.007267144122250912
10.0,19.0,53.0,0.011940973046701123,0.005204728291533848,0.013142254558801992,0.008680225736312734
30.0,39.0,30.0,0.01199573934173575,0.004993409895311369,0.014302172239727785,0.00853847734768438
10.0,15.0,58.0,0.011674939212609049,0.0049399862629813255,0.014242114292618912,0.007551766611909432
26.0,36.0,32.0,0.012162003694358645,0.004815950559048468,0.014562901163323731,0.006796627146769315
14.0,12.0,29.0,0.012057090545557037,0.005424432923822168,0.013395761119947058,0.008532882027469038
11.0,18.0,48.0,0.012040771383060945,0.004948487716271301,0.013793889711847866,0.008099669132748023
27.0,44.0,34.0,0.012066282031550192,0.0051128651912949255,0.01392611797646608,0.008287141527010296
11.0,15.0,50.0,0.012010724073487406,0.004805656882159339,0.013830372808395944,0.008839753223707541
22.0,25.0,31.0,0.011790475132084905,0.004869550785386344,0.014068910562203664,0.006822500012996333
15.0,13.0,28.0,0.01185131557130974,0.005132060645942611,0.013801428956092977,0.007753393562750078
5.0,17.0,76.0,0.011845393910490757,0.005092345396084114,0.013491463848529752,0.006833428310624418
21.0,18.0,28.0,0.011526548939297759,0.00501351384223384,0.013217588474757729,0.006596904784257764
14.0,18.0,41.0,0.011991923313318524,0.004871139644911067,0.014843517983822925,0.0073339878448723875
13.0,21.0,37.0,0.011786628861633805,0.004922242535238341,0.0138711324853253,0.006347896960019142
32.0,24.0,23.0,0.011829830927881105,0.0050148177168016575,0.013572008302158508,0.006834049365097065
17.0,15.0,34.0,0.011823531759170391,0.005085624688302345,0.013134406498249313,0.008754721667880421
7.0,7.0,66.0,0.012615140535613727,0.004863818617818907,0.014624135314136503,0.008895846646228856
17.0,17.0,35.0,0.011969698019600449,0.0051332420406707355,0.0135358192345645,0.007335589363556253
14.0,14.0,28.0,0.012164087069053059,0.005030726596012496,0.013795430660432706,0.007103090907858917
22.0,48.0,55.0,0.011977710144163716,0.004917057021228151,0.014347850224928078,0.007142762119075997
18.0,19.0,48.0,0.012615331766422338,0.005054566909308796,0.014178202129999278,0.006930948571019903
21.0,24.0,44.0,0.011590361293939913,0.005060804814804424,0.013503209217462836,0.007945359137053784
21.0,29.0,31.0,0.012115031820530885,0.005025575200742465,0.014221597822992016,0.007760543048397349
29.0,20.0,22.0,0.011780142823940637,0.004874887741814337,0.013395706862848314,0.008998538912343632
31.0,39.0,36.0,0.012233267746010513,0.004994919403795887,0.014030909944624815,0.007481242838694842
15.0,35.0,59.0,0.012104127936669406,0.005196454480315888,0.014082889548723302,0.00798058947972337
25.0,23.0,23.0,0.011944553819566493,0.004972636997860147,0.013689418822306126,0.007293302947052019
15.0,19.0,47.0,0.012259819590984398,0.005114173531623557,0.013475160238605295,0.007813006250187106
6.0,18.0,61.0,0.01190622200459991,0.005015086394808786,0.013386280496370265,0.008096529511393254
19.0,26.0,52.0,0.011916595827092914,0.005323238708252308,0.014796406147244296,0.0079765365340868
32.0,35.0,29.0,0.012079389666712905,0.005195962758633697,0.014105838983610753,0.007140695533015203
22.0,31.0,52.0,0.011779864676425323,0.0049532430784275105,0.014310123370347675,0.007360023721037373
19.0,21.0,44.0,0.011646922891201842,0.00473870255010608,0.013480878722969276,0.007362485797261483
25.0,37.0,47.0,0.011794122913293613,0.00474004690705194,0.013532232299603422,0.0065620632485204715
30.0,37.0,36.0,0.011968554462845308,0.005099478119838809,0.014254301002560688,0.007880802782141136
11.0,15.0,56.0,0.012034367888264518,0.004944172165733572,0.01341759914313872,0.0077318383860246935
28.0,31.0,21.0,0.012033433410202877,0.0049541620286645644,0.013729840509859443,0.006511739308568773
31.0,37.0,25.0,0.012034007420600451,0.004988684498111786,0.013917310335358134,0.00754033019237703
10.0,13.0,44.0,0.012143543258753444,0.005147641602840825,0.013631942770847423,0.007830659441492244
10.0,22.0,58.0,0.011930885464344721,0.004872214461285621,0.014046431913716007,0.0078024845260130015
8.0,15.0,59.0,0.011885008913039414,0.005337145935657058,0.013528451372513016,0.009002391849371934
19.0,21.0,40.0,0.012205293147200732,0.0051087465013291535,0.015027746807622762,0.0069967503033072686
23.0,35.0,46.0,0.011768682823010277,0.004972086367880282,0.01346274734514057,0.0069811215139464425
25.0,27.0,36.0,0.01208377026043558,0.00513763676608629,0.014622424656605576,0.008031808743578001
15.0,27.0,58.0,0.011925411419202015,0.00499867283322775,0.014131073256020775,0.007500580260937378
16.0,20.0,55.0,0.011955123485533644,0.0050846771877336725,0.013847609274199328,0.010386653928966821
13.0,19.0,47.0,0.01176275793915168,0.00516959909107803,0.013469536600281518,0.0072511995132246015
22.0,25.0,30.0,0.012149821194093949,0.0050195509654138,0.014537484523017927,0.006778581700225743
26.0,24.0,39.0,0.012275451691929598,0.005087571934651954,0.013514385270485707,0.007559007841850945
29.0,29.0,31.0,0.012187187891181095,0.0053047183719735404,0.013554577638124064,0.007521329548455081
28.0,36.0,45.0,0.012183853520596678,0.004855065944339265,0.0144738592997028,0.006578992146535104
10.0,16.0,61.0,0.01178902975602938,0.004964861071972972,0.013716117072662782,0.0077644167421856425
16.0,21.0,43.0,0.011831188404783585,0.005178728660661155,0.013681402867701687,0.007521153756182544
17.0,20.0,46.0,0.012027074861273765,0.005236360017423297,0.013815872278938943,0.007255791957447784
23.0,30.0,40.0,0.011874911297275794,0.005116955983978907,0.013982187472035251,0.007489556483999378
22.0,20.0,28.0,0.011695021167329579,0.005284717656651732,0.01370474216168274,0.007344225233583966
15.0,13.0,26.0,0.011773093762832452,0.005096217763910251,0.013256180523847486,0.008032740219872983
14.0,23.0,63.0,0.012110430287961174,0.005037045542227931,0.01390020994518982,0.008699904488491426
23.0,31.0,30.0,0.012109212999677071,0.005523001050351254,0.013958644731093423,0.008604341263718097
25.0,29.0,36.0,0.011868874753987036,0.005064071767385411,0.013366989746816414,0.007273642535885813
20.0,67.0,71.0,0.012053282142998663,0.005104310796199974,0.01425554611357487,0.007247088625718777
27.0,34.0,37.0,0.011738586178918542,0.00504138321886285,0.0136313343622267,0.007382655452980642
22.0,26.0,39.0,0.011971988748556556,0.005052803584828717,0.013441065105918405,0.007144936617330305
13.0,25.0,48.0,0.011894584659999352,0.004985253045159605,0.01462148378872427,0.007873921551347316
27.0,32.0,34.0,0.01180373300360395,0.0047828767075471365,0.014259937038830484,0.0075020294226255
25.0,22.0,32.0,0.011932820824386759,0.005046564374441042,0.013724112438305859,0.0072046954463797705
14.0,15.0,54.0,0.011937441195117363,0.004830461276511571,0.012966371170091421,0.006919624200394829
15.0,30.0,50.0,0.011802580795330914,0.005275928612291208,0.013209918220484528,0.00801378656757832
32.0,28.0,21.0,0.01236381996943728,0.004958066140898831,0.013993776125539243,0.007352667856160877
15.0,17.0,47.0,0.01154312348541788,0.0050438542501468715,0.01369906234844441,0.007703062022950771
24.0,55.0,45.0,0.011867515975792414,0.004959681202671957,0.014196420430958229,0.009334495932146265
24.0,22.0,27.0,0.01211977607764698,0.004941073911177936,0.014070607990088071,0.00693706457482689
19.0,26.0,41.0,0.012104587877792292,0.004649091071052339,0.014810088017647006,0.00635921021350969
26.0,28.0,37.0,0.012304092691366827,0.005088012811721093,0.01411748236947696,0.008786326826735209
16.0,31.0,50.0,0.011867037211634566,0.005117866381858377,0.013505301719083223,0.008165840455071013
29.0,41.0,34.0,0.011828195367241806,0.005072593769745977,0.013865658188940788,0.008406265886815163
25.0,74.0,55.0,0.01187949793122983,0.00486727145326981,0.014603525164301131,0.007195275180232204
24.0,30.0,31.0,0.011799372526223187,0.0048485616037784104,0.01371442584608152,0.006919223538841211
9.0,25.0,62.0,0.011690969505334069,0.005229027193473496,0.01296806865576243,0.008077009272685697
17.0,15.0,25.0,0.012139763535672973,0.0054067744775768214,0.013715592699183592,0.007122090881111654
17.0,18.0,32.0,0.012063166892989252,0.005003939438887308,0.013678569684952308,0.009714992979048034
8.0,14.0,57.0,0.012121733228184462,0.004937814749314026,0.013962567017693515,0.009346958839575894
19.0,16.0,32.0,0.011968453295813116,0.005064286083727114,0.01370719453919006,0.006678961242719133
26.0,25.0,31.0,0.012052989969185395,0.00498075820027919,0.014001066924208294,0.007889144943157962
26.0,25.0,25.0,0.011306254410976338,0.0050025930375981464,0.012733266320371412,0.006812994869126904
19.0,23.0,38.0,0.012033562935128963,0.005140981358545868,0.013309496651648642,0.007546640080669724
16.0,22.0,59.0,0.012263510795719771,0.005106864896141328,0.014300166483282504,0.007835978012058759
15.0,21.0,38.0,0.011969177845374195,0.004679645174440958,0.012869260226500395,0.007891472239792613
19.0,21.0,43.0,0.011864301931973957,0.004828420716514945,0.013528953711835916,0.006820620822617772
12.0,14.0,47.0,0.01177783167186063,0.005023997393442209,0.014110178150849572,0.0073034064497974035
19.0,19.0,28.0,0.01207055919590648,0.004832736728878943,0.013836645082664559,0.006640398069120115
20.0,31.0,53.0,0.012199604027055515,0.00525781075741855,0.014512880234420322,0.008037931625022131
17.0,16.0,27.0,0.011863467379685834,0.00481024269380394,0.013717305079146251,0.006747091611461314
31.0,42.0,34.0,0.012141073139642784,0.005019799386823514,0.01386602675755771,0.006708291315746996
22.0,25.0,32.0,0.01201112712503472,0.005042111674262386,0.014795762066903313,0.008471660526210277
6.0,17.0,74.0,0.012164925678757807,0.0050784474693855155,0.014140595177876763,0.00776573620310286
24.0,26.0,26.0,0.012120084833108393,0.005303970765708538,0.013452840507027749,0.007201666006365169
25.0,29.0,45.0,0.012436795618477887,0.004788022930823887,0.01392198095158345,0.007120586753378275
29.0,30.0,18.0,0.011828831280589829,0.0051397771635725,0.013992122701202665,0.007169103021212105
13.0,15.0,50.0,0.012161667578370994,0.004980942826273662,0.01448101434066925,0.007789623642688989
26.0,25.0,36.0,0.011964210221828031,0.005068147976925935,0.013586039979284134,0.007363598027876753
17.0,18.0,42.0,0.01190686909569078,0.00481190398551443,0.013363357882731904,0.0067297187379114325
7.0,33.0,81.0,0.011847465390929762,0.0050398478665464935,0.013234935012490371,0.007202379301897236
18.0,20.0,29.0,0.012286893252754021,0.004851573104989652,0.01453886284642492,0.007031226503837954
14.0,21.0,51.0,0.012256075687621907,0.005306331031305319,0.014102234022824131,0.008445218753617307
23.0,26.0,42.0,0.012059469150247531,0.005106907756858825,0.014765388861640468,0.006975670625816447
24.0,24.0,38.0,0.011893584029764835,0.005123540328554418,0.013433871822471858,0.007874798136038951
14.0,11.0,24.0,0.011449745547831474,0.005037095637959124,0.012926250528130763,0.006820434739280343
16.0,30.0,59.0,0.012143209629621593,0.00505387726313593,0.013778829330465795,0.00824030992598711
25.0,15.0,20.0,0.011329377939592648,0.005244693168778505,0.013215546028391787,0.007593166095061051
19.0,19.0,32.0,0.011591552435185216,0.004852978921874938,0.015072290069337463,0.008297248015369206
13.0,12.0,47.0,0.011810796105421474,0.005102872797329765,0.013959390004481912,0.008163022005585524
16.0,22.0,54.0,0.011983249496875393,0.004983780897005565,0.0145393368962762,0.007926210206125616
14.0,20.0,53.0,0.012163261339786034,0.005077893192760364,0.01442327245050566,0.0074412768641426
16.0,24.0,45.0,0.011848919818534193,0.004890497371590618,0.013620561635064005,0.0066630467110129574
19.0,19.0,41.0,0.011925472323437056,0.005064907815199389,0.013278913253698834,0.00944212523760712
27.0,34.0,26.0,0.011932673217882231,0.00501824469360813,0.015753266265968256,0.007314374456525847
11.0,25.0,63.0,0.011929376510262641,0.005067280976963571,0.013815720300934923,0.007365139579394225
9.0,18.0,56.0,0.0118129941572751,0.004966262346249218,0.013428371293053486,0.0074234324051864605
20.0,21.0,32.0,0.012140341109905346,0.005113172849492463,0.014181756780830659,0.007552931048643277
26.0,28.0,34.0,0.01216023412066551,0.004927117144658083,0.013919606148245636,0.007056159774512729
26.0,25.0,30.0,0.01214515348619654,0.004817862386364596,0.014168837603248429,0.007154644131329592
31.0,53.0,30.0,0.012045610364547387,0.005050245214340525,0.014578479322362522,0.006944197581369257
16.0,9.0,37.0,0.011520301600966138,0.004855102881669328,0.012460775239122602,0.007106154796393554
31.0,30.0,26.0,0.012226329815394534,0.005023935087488678,0.014705673500017348,0.008075802454314987
12.0,11.0,52.0,0.011783931629952686,0.004972503598506596,0.01339181956272153,0.008861539703179853
22.0,25.0,42.0,0.012344569572385064,0.004834975141549301,0.014014570230450841,0.007415406582124705
21.0,30.0,49.0,0.012096319118327266,0.005033673363171636,0.014156005260647609,0.007347535120150177
25.0,23.0,25.0,0.012119582791345321,0.004932556916336399,0.014591986857462274,0.007266306587751343
27.0,21.0,21.0,0.01243824812535787,0.004933488477690269,0.014602560603243104,0.00744099337697924
20.0,19.0,30.0,0.012483321175704198,0.005018774983938554,0.014710553503510169,0.008930214773170944
20.0,19.0,31.0,0.011677641125666731,0.005120659126114824,0.013480854191562794,0.007719363646965347
22.0,31.0,38.0,0.012251500131362928,0.005038631831333157,0.014032959602747235,0.007961103441378584
25.0,27.0,40.0,0.01179988321656976,0.004789094657738445,0.014493537828342716,0.006385967111871729
5.0,24.0,72.0,0.012127201294704959,0.005007532430954286,0.014296890477022452,0.007233242503298023
19.0,21.0,44.0,0.012110565717071113,0.0049693237734230395,0.014327434180094956,0.007662858185857623
22.0,24.0,41.0,0.012039245176111569,0.005017552692855557,0.013807061986269879,0.007599466543392705
29.0,30.0,34.0,0.012198044015527734,0.005029117829269594,0.014195979782390431,0.007112021207002194
20.0,16.0,31.0,0.012472230383334212,0.004919745414359362,0.01448845334683789,0.006637479025566846
23.0,31.0,43.0,0.011949984800261087,0.004912899666715575,0.01344085609049581,0.006634461420658932
23.0,47.0,53.0,0.011992125994320684,0.004754334507708091,0.013610000116475163,0.007292196305141384
6.0,23.0,61.0,0.01178346767575039,0.004996300351058676,0.013872575132058359,0.008584535857095055
12.0,15.0,47.0,0.01237700721880299,0.004940927807667869,0.013979509151442216,0.0073131619334025144
7.0,18.0,59.0,0.01169159700993961,0.00491597232791835,0.013306299270252129,0.009672408545933065
19.0,33.0,61.0,0.011883736223579765,0.004855731118048082,0.014180872931225675,0.006545606808400225
15.0,19.0,43.0,0.012119730920789528,0.004911172444108217,0.013790478518513694,0.007018322032514941
15.0,13.0,25.0,0.01196861197669034,0.004979924311517449,0.01311661572509129,0.006753198226652631
15.0,20.0,36.0,0.0116433601390861,0.005228609544647549,0.013685203043585588,0.007304617876606405
12.0,40.0,78.0,0.01204228338878801,0.00485309455827303,0.014652991959606926,0.006990851121750883
13.0,15.0,46.0,0.011983417038304495,0.005066287667143924,0.013345470868699631,0.008750162118082288
17.0,24.0,48.0,0.012082407010363179,0.005028394259621725,0.014313950561516818,0.007612514857920769
22.0,36.0,44.0,0.011982819048112018,0.00470878668178147,0.01386905704525498,0.006627407958226607
15.0,11.0,29.0,0.012062914848154707,0.005102025324762464,0.013972875483743735,0.0071681724884113595
25.0,35.0,34.0,0.012088689713815524,0.004889054875726398,0.014126359873005798,0.0068773471165901115
26.0,62.0,52.0,0.011936350353753584,0.005096101178020234,0.013877158715746815,0.008449465241822406
29.0,41.0,37.0,0.012113984174253294,0.004848777710689097,0.014182735043746056,0.007851782618641378
15.0,27.0,49.0,0.011961056275135723,0.005036526983278988,0.014076626350862431,0.0071556634939790465
23.0,25.0,45.0,0.011944253210821466,0.004750480890649011,0.014120850829642113,0.007241324355520917
26.0,28.0,30.0,0.011962309531868234,0.00490868384287305,0.014106106377561769,0.006432005689727056
17.0,22.0,43.0,0.011697771750766922,0.005184949449701281,0.013688569823958528,0.009889893079022277
14.0,22.0,47.0,0.011826017680378996,0.005174743983339177,0.013680901481315951,0.007154653840222437
11.0,41.0,76.0,0.012109400189107495,0.005113702881300343,0.013558091046261557,0.007583344362380014
19.0,19.0,38.0,0.01191313710564591,0.004891456591769855,0.01325821787256764,0.0065855118479914146
6.0,14.0,52.0,0.011108563685320006,0.005210428110359175,0.012685845551311085,0.007352103625078685
26.0,38.0,36.0,0.012042313294763978,0.0048560857204329325,0.013782346255768735,0.007385433576516194
28.0,29.0,25.0,0.012134721477159702,0.005274024106879453,0.013847834206548264,0.0076985204226934535
21.0,27.0,36.0,0.011882623445012373,0.005092773323393742,0.014161879985564334,0.006772224482977388
12.0,19.0,62.0,0.012050481658206665,0.004849384165180913,0.014851426788186196,0.007648526132063022
21.0,40.0,49.0,0.011974192527380377,0.004934648689626045,0.014516299778369376,0.0072680740683923935
6.0,11.0,62.0,0.01209669459394912,0.005061768210175232,0.013326350055335091,0.007807168564591966
25.0,18.0,29.0,0.01198361696553838,0.005029999736170161,0.013385722451420091,0.009313103205376507
14.0,22.0,64.0,0.01254979531272314,0.004967096707639254,0.014322188699193912,0.006626118344057249
24.0,26.0,33.0,0.011863690573456764,0.004749717886970561,0.01335157159705748,0.007298798182866419
13.0,33.0,59.0,0.012157232144663608,0.005186173622740301,0.013939787886285792,0.009581216714556449
25.0,18.0,21.0,0.011873103172782477,0.0052405108212084175,0.013605963350090535,0.006559794208720411
15.0,18.0,53.0,0.011986436511093787,0.004846020720615002,0.013783314298588131,0.007923086152344251
21.0,37.0,52.0,0.011619786575130223,0.005051397628662475,0.013435257291385436,0.007364155860824798
17.0,32.0,57.0,0.012234537459529713,0.004909556388733044,0.014449595767254297,0.007682692374659314
23.0,25.0,39.0,0.01188715400081829,0.004966446320984798,0.013670657205794023,0.006868123269134286
22.0,20.0,37.0,0.011683526010923493,0.005191126657812947,0.013610062678582398,0.007743405925865239
22.0,29.0,38.0,0.011796370559950486,0.004676627766623446,0.013378579041057005,0.007607333372022406
14.0,18.0,49.0,0.012012741908404012,0.004908826800298036,0.013522542063116802,0.007670340809472587
18.0,32.0,47.0,0.012062109889101169,0.005130810807295823,0.013886349562115574,0.00762511631099841
21.0,18.0,34.0,0.011856116193674422,0.00509174186470236,0.013689143688280992,0.008442319980948541
13.0,16.0,50.0,0.011898925653243544,0.005060901267141886,0.013650508376561912,0.007165543856819306
27.0,33.0,40.0,0.01195640016375176,0.005072834176672553,0.013926828859767069,0.007736273459027681
18.0,18.0,23.0,0.01194502366675623,0.004881718607447932,0.014066652069366031,0.0065059172943731924
19.0,39.0,49.0,0.012144422846503196,0.004869626385047702,0.014297280264545763,0.007011550190020225
14.0,13.0,34.0,0.011698832875582571,0.005094504179388835,0.013239421348111615,0.006876928443628932
18.0,29.0,50.0,0.012145259130303294,0.0051079551970368104,0.015083443616312822,0.007734396396035932
12.0,13.0,44.0,0.011703450522000274,0.0051353006899360785,0.014490229975024763,0.008097664735623929
25.0,24.0,37.0,0.01230116771132791,0.004952089593486196,0.014048713376280159,0.007415116140896856
14.0,29.0,54.0,0.011822788672367676,0.00491586082162766,0.014265589838837446,0.007015735884604384
13.0,29.0,58.0,0.011907109539580893,0.004954484711775049,0.013825506729466707,0.008507461878240327
18.0,23.0,43.0,0.012156672499651048,0.0052322858305886965,0.014076247259712824,0.008204630083757117
19.0,29.0,52.0,0.012220205974715787,0.005058235257948991,0.014052265677610422,0.007900098826603471
15.0,21.0,38.0,0.011615602577294729,0.005181705679112385,0.013710709435425544,0.00891579314032335
26.0,33.0,23.0,0.012092649032225377,0.004839140737112245,0.014178461454327454,0.006986243382491946
12.0,22.0,55.0,0.01207502614321308,0.00468768104765344,0.013907259228555362,0.00680621146914985
23.0,19.0,29.0,0.011941863235762913,0.005326367293394085,0.01448969810563306,0.01089515293970686
21.0,19.0,27.0,0.012312038567568687,0.005253995494973344,0.014837454641096903,0.007615194962018966
25.0,28.0,40.0,0.012012368003489895,0.005081538018919089,0.013786300182298431,0.007432960446179612
21.0,30.0,49.0,0.012054969002112084,0.004910174392820875,0.014225779902983534,0.007085210333522206
20.0,25.0,38.0,0.012239607057418396,0.004961380205351711,0.01425562036353901,0.006585095880866394
18.0,27.0,54.0,0.011850201632585648,0.0049935908991687716,0.013912224100372472,0.008403085433127072
23.0,42.0,40.0,0.012134425725891008,0.004982507164837062,0.014239489444638943,0.007700300304234359
12.0,12.0,32.0,0.011446198824588388,0.004889126604020296,0.012980943089175507,0.00687158046129646
10.0,38.0,78.0,0.012151110765905164,0.004922378676798561,0.01389790455902037,0.00768669878290145
25.0,25.0,28.0,0.0117824833774888,0.00471521461092041,0.013579934738974515,0.0074449148138148935
19.0,20.0,33.0,0.011944482653047742,0.005046594687329123,0.013481261784057369,0.007555201802404575
4.0,20.0,70.0,0.011812053885725373,0.005142823325035547,0.013508939582764673,0.007841482959727617
19.0,23.0,45.0,0.011771981726266966,0.004968535763450097,0.013664415192650166,0.007264874867227295
19.0,40.0,53.0,0.012083494277934623,0.005142068658160486,0.01470243955614041,0.007548754278570944
32.0,38.0,27.0,0.01204651403713508,0.004972960442373484,0.015083119711575128,0.006783264525882215
18.0,19.0,44.0,0.0120216969656127,0.004943090576717695,0.0139501358297109,0.0067847649956233646
23.0,26.0,42.0,0.012163608145777723,0.004764265276207021,0.01394592525340995,0.008015071143878642
27.0,32.0,35.0,0.01193626327883815,0.005213723771941861,0.014287159767796381,0.009591021298301305
27.0,43.0,43.0,0.011902601234832636,0.004698866324237164,0.01444467113000102,0.006907451656748829
22.0,25.0,36.0,0.01171655403084938,0.005091215422533004,0.014961564242246678,0.007168584961417026
21.0,20.0,30.0,0.012537014747991506,0.00545920028826244,0.015155589231698166,0.008017010501460645
15.0,18.0,43.0,0.01174892273388653,0.00485549800895585,0.013351732611945695,0.008210189847813795
30.0,41.0,18.0,0.012088176971557276,0.0048252895024506574,0.014443811859171473,0.006361248447325655
27.0,45.0,34.0,0.012208566583457273,0.0051824764020935435,0.015588549864725366,0.008874237056040369
13.0,19.0,56.0,0.012310960623168764,0.0051122953534797535,0.014568530371546875,0.0072731573954771984
17.0,19.0,50.0,0.012096600239142195,0.004672912985296376,0.013609055170117158,0.007153126841341416
25.0,32.0,37.0,0.01189311532459277,0.005364374368327446,0.01448374098213603,0.009391174967963928
24.0,28.0,31.0,0.012324201129348716,0.004892437903872323,0.014172402817230003,0.0091264533250695
24.0,45.0,45.0,0.012017819277632366,0.00504680713552858,0.01453969013234458,0.007555644917878235
17.0,22.0,44.0,0.011696236250815452,0.005069489645533556,0.01337545085327819,0.007660029634664715
14.0,15.0,37.0,0.011839346383089285,0.00494674801068847,0.014335760710346116,0.007564477575713053
19.0,25.0,38.0,0.011980201454544634,0.0047299329185909,0.013728585295872602,0.006899451113441714
12.0,18.0,47.0,0.011853267236526336,0.005213093980295551,0.01334195517594759,0.008609067796345668
16.0,20.0,37.0,0.011901670493957954,0.004802984459015465,0.013811580321148001,0.0072882649710104015
18.0,17.0,31.0,0.012036480624753593,0.004729483799947953,0.013898736030889706,0.007941152977737759
22.0,29.0,46.0,0.011845834933927315,0.004881520849506389,0.0136304561009756,0.006990382317895996
27.0,32.0,45.0,0.012021586673339676,0.005256971170208138,0.014215702314486612,0.007362031111900589
23.0,23.0,41.0,0.012157230757769949,0.004918204820861541,0.014502013131084597,0.0067952912709338
10.0,36.0,70.0,0.01203891310414958,0.005032077210522589,0.014006993218082405,0.0073763354756098565
20.0,32.0,44.0,0.011992593937557888,0.0049301012041368395,0.015170752392914018,0.007062554804052676
20.0,17.0,28.0,0.011806274144520096,0.0050959820167617385,0.014263088212908297,0.00750824022728919
14.0,15.0,49.0,0.012303154284184572,0.004736157951570429,0.014459178259740819,0.006806195894057529
3.0,11.0,82.0,0.011379156207304224,0.005162460009007253,0.012573947565889192,0.011658110791827207
19.0,21.0,48.0,0.012117777785332516,0.005241700915985575,0.013369030086349043,0.008518279569638175
11.0,17.0,50.0,0.012403655168345335,0.005220077150922638,0.013714800872707844,0.008811459630232044
13.0,16.0,45.0,0.012099211104023642,0.0051889402057256045,0.013641483266109878,0.00795085666613705
11.0,20.0,55.0,0.011361391556564165,0.004875133774781111,0.012414165664630215,0.006877020174779797
23.0,31.0,32.0,0.0121275324563106,0.004969595259072921,0.01429156761037004,0.007420599363163048
20.0,16.0,33.0,0.012078659981662862,0.004945438944173103,0.01457927613301318,0.006264492088047757
9.0,30.0,66.0,0.011971009944488808,0.004919313263726253,0.014674325423182637,0.007543421098362438
16.0,20.0,46.0,0.012230052045872785,0.005030918676253882,0.01421993853874374,0.008929414199945859
18.0,22.0,47.0,0.01188227800305653,0.0050797842950195725,0.014106740041346976,0.007212992457217119
8.0,14.0,65.0,0.011950937895722552,0.00497683853073649,0.013318012295129257,0.007957735922738993
8.0,18.0,46.0,0.011404048363860395,0.0049727815662624865,0.012994005104521669,0.010783920626041
21.0,23.0,39.0,0.011996123151075427,0.005271454738268811,0.014193922228315862,0.008091897900398257
13.0,14.0,41.0,0.011884494773254218,0.004867725258678331,0.013983300391032748,0.007827795947457859
20.0,28.0,50.0,0.011992564627739387,0.0049171010929511426,0.014280955907289006,0.0069813541959816644
20.0,15.0,22.0,0.012357896637251495,0.005222415671324681,0.015179049712913303,0.007589381844843295
15.0,15.0,41.0,0.011751956350735613,0.00504901623504849,0.013206385903809929,0.007465804844007148
14.0,30.0,62.0,0.011568936882320573,0.0050358566946745896,0.014036813863793643,0.007689774769191052
18.0,29.0,44.0,0.011912364675091968,0.005345692868636437,0.01389162670726726,0.007451311904789213
17.0,32.0,49.0,0.011985351174670356,0.0048124975225076645,0.01333776157846859,0.006538348259157983
13.0,17.0,57.0,0.011950844356106927,0.004983580801493068,0.013427193603904384,0.0067560336633565
28.0,40.0,23.0,0.012233482804279215,0.005230346828638525,0.014105472259796003,0.006739340092966457
28.0,50.0,37.0,0.01193742760474323,0.004913882574701387,0.014808226041420925,0.008548752596318489
20.0,30.0,48.0,0.012291189784382064,0.005017105432737989,0.0139924387418457,0.007785798623629856
25.0,23.0,33.0,0.011616717781587566,0.00491309153553796,0.013264324790621779,0.00703556527674781
25.0,45.0,51.0,0.012164376988752116,0.00468506387287718,0.013877776218656802,0.0072075555967909405
20.0,29.0,53.0,0.012012137323813976,0.004932867327837911,0.013898374709723584,0.008923091938643182
24.0,24.0,35.0,0.011988318364558216,0.0047710095983215395,0.013707888544846487,0.006565829047513033
18.0,21.0,30.0,0.012034186074258636,0.004845016825995396,0.0136265336462217,0.006765771801990272
18.0,19.0,29.0,0.011946248052259271,0.00518853049841722,0.013227685084262386,0.006645151607593968
15.0,15.0,38.0,0.012003498696072637,0.005034386459480297,0.013286980237342184,0.008429938618063825
13.0,16.0,42.0,0.012389646216958945,0.0052716873725581394,0.014961179891747162,0.008201468094071905
22.0,15.0,33.0,0.011897591172914293,0.004929645088169839,0.013329751245133878,0.006888146318139428
18.0,23.0,48.0,0.012072464825957035,0.0047447316353878355,0.01381369732455109,0.00726436803835935
20.0,21.0,37.0,0.011866503934531205,0.005158536479122127,0.015046386013206391,0.007569925157907959
21.0,19.0,30.0,0.01223422923133755,0.004761191422208503,0.014270073489526119,0.006846133746560074
20.0,24.0,35.0,0.012109347968524723,0.005011555126202981,0.013784425734148028,0.007403792837488677
12.0,15.0,44.0,0.012021752406937649,0.004910023324505922,0.013473921681813238,0.006968137677725767
32.0,49.0,23.0,0.012046243365107763,0.0050441256276685924,0.01412269007235395,0.0065892744712386965
4.0,20.0,74.0,0.011779241069527387,0.005180823832055885,0.012996801000833051,0.007710941244870649
21.0,20.0,39.0,0.012108411738087152,0.004865762255067148,0.014448484858453188,0.0076364472695826
16.0,21.0,36.0,0.011933783066975413,0.005603059855557088,0.0139205184564322,0.007735833920716098
10.0,18.0,63.0,0.0118976199868774,0.005118521739987015,0.013469119392010077,0.007503772468672861
26.0,32.0,38.0,0.01187584562199916,0.005028442445505674,0.0135693537985383,0.007250111146683117
22.0,24.0,38.0,0.011925702451114508,0.0051299580941501655,0.013865486172376831,0.007650935911289338
23.0,20.0,37.0,0.011718848819905814,0.005012998302839132,0.013308434270261762,0.007844147616257423
23.0,25.0,38.0,0.012067164644562707,0.00487762823136645,0.01382130813046025,0.007046633384450894
25.0,30.0,42.0,0.012101317649903845,0.004910131208137868,0.0155164872723508,0.006504183973098154
28.0,25.0,25.0,0.011835687931342612,0.004588801116185922,0.013535800777603187,0.007071234995603028
13.0,16.0,45.0,0.0116853874135249,0.0051691411396272285,0.013309280881692344,0.006741958305319592
21.0,33.0,49.0,0.011864746783127062,0.004938751608702502,0.014760501584803654,0.00709690608056025
19.0,21.0,39.0,0.01203374893166479,0.0049396303969174715,0.013869109001018565,0.007099249010954474
12.0,14.0,46.0,0.01222397340111909,0.005346364736842554,0.013586273610107693,0.008622391264811732
19.0,19.0,36.0,0.011594179517560057,0.0049099089888220105,0.013055103700829015,0.0075281247667394816
20.0,20.0,39.0,0.012245368214237676,0.0049314955703533975,0.01394645667384624,0.00665583117820934
24.0,19.0,37.0,0.0123745516739294,0.00504849984042503,0.014114750286865263,0.008449555626175291
22.0,35.0,47.0,0.012159435793721259,0.0048815074815342216,0.01420219850769206,0.007300378064228619
18.0,19.0,35.0,0.012415550163659876,0.004954190424115119,0.014033754100937743,0.007305117721194033
17.0,16.0,40.0,0.011920355138334456,0.004707820696066779,0.012852334543522815,0.00784205989375257
37.0,35.0,26.0,0.012141710870536645,0.004717996599810067,0.014645733171090594,0.007270783885083141
16.0,19.0,47.0,0.011857378290947277,0.005023248461095689,0.01382292354283038,0.008635857113339841
16.0,22.0,46.0,0.012199307418935452,0.005006088940993711,0.014171588750519604,0.007480103634315397
13.0,16.0,48.0,0.012213677249303391,0.004704121142295139,0.013504504249735457,0.007917923790647794
19.0,22.0,42.0,0.012286678076505388,0.0051895297691461,0.01408092630466996,0.007154156623377686
20.0,14.0,40.0,0.0117623145641938,0.004633048200349964,0.013203251543870713,0.006994353994371815
10.0,12.0,52.0,0.011777746243838495,0.004928552747485003,0.013881237329319084,0.0064364334625557785
27.0,31.0,27.0,0.012008919267045412,0.004903168502187922,0.014157068596543228,0.0075470271114609815
27.0,40.0,45.0,0.011997454330801708,0.004860608038780495,0.014954845335592734,0.006784243811241644
15.0,11.0,41.0,0.012030242429823822,0.00519750722450903,0.01391959346732839,0.008559947775296716
26.0,28.0,27.0,0.012158228647632193,0.00508956680556879,0.013875021740541324,0.007176086611455969
32.0,35.0,29.0,0.0119665823209028,0.004860919095199561,0.014129224120793716,0.007467867899065353
20.0,24.0,38.0,0.01223954424983636,0.004756167284095564,0.013651815765372477,0.008143830447286659
27.0,29.0,36.0,0.011974936952561898,0.004921783350741196,0.014881288917331025,0.007208942645156357
27.0,35.0,36.0,0.011948978830757745,0.004877326279887028,0.013615266969736731,0.008385866671897025
19.0,13.0,40.0,0.012117390779068064,0.004803630618021688,0.013944245264744876,0.007233265376282756
16.0,16.0,31.0,0.012329213886220571,0.004972320089925207,0.014423075832134237,0.00659440304554689
20.0,22.0,33.0,0.011825661931145226,0.004968885959527636,0.013479779890178812,0.006067667012439618
20.0,25.0,39.0,0.012194904247636631,0.004716892252909285,0.013661203727016907,0.00786629987128908
14.0,13.0,35.0,0.01224878715102686,0.004894441562072882,0.014694282800070319,0.0066116528765009066
22.0,26.0,46.0,0.012297482425684377,0.0052853703771532645,0.01369793076573119,0.008296095301293122
30.0,29.0,29.0,0.011798756051844331,0.005063008856178898,0.013008465040738508,0.008196733056611966
10.0,23.0,59.0,0.012061574194363614,0.004868525771005028,0.013950414854315396,0.008058405502785655
14.0,17.0,39.0,0.011809014321235165,0.005197599506244196,0.013092751840800786,0.006920053600256006
22.0,25.0,42.0,0.011724982194197571,0.005019191053141471,0.013603386982942412,0.007838977247469769
25.0,26.0,35.0,0.01184339276430196,0.004996463197288557,0.013620886109391163,0.007551162023396372
18.0,18.0,24.0,0.011975533573496008,0.005120093798823869,0.01346787408890178,0.00644478197503253
3.0,17.0,85.0,0.01201567688726483,0.0050012349063130145,0.013629536532954496,0.007435529838721444
10.0,33.0,72.0,0.0120396167583393,0.005023214029452169,0.013681300213491223,0.007205676521625058
16.0,25.0,55.0,0.012029973953575508,0.005063924405088448,0.013597445635991232,0.007885715422435416
17.0,22.0,43.0,0.012020846939408041,0.004921098985529185,0.01435690447292863,0.007368633945017667
15.0,27.0,57.0,0.011994968896538704,0.004958269368340595,0.014453307724793953,0.0073043507736878345
12.0,20.0,54.0,0.01192713514628066,0.00516741041037017,0.013887269759387788,0.007432314670715298
21.0,17.0,33.0,0.012088294849802284,0.0047017250134204725,0.013878481331600929,0.007038957060948521
8.0,14.0,53.0,0.011970422636289484,0.005022041025459415,0.014253312082193784,0.0080153836006863
17.0,54.0,59.0,0.011925700632036221,0.004987675677373126,0.014354405257421056,0.006604820757845854
15.0,13.0,43.0,0.011704593834776504,0.005060386176536075,0.013177795038033477,0.00777334989393806
29.0,31.0,34.0,0.012108174372712673,0.004984554820587707,0.014483537225213462,0.008064322506358737
16.0,20.0,60.0,0.011954799886037764,0.005049958228055174,0.013808121372072558,0.007650741186026334
26.0,35.0,33.0,0.01208244452378787,0.005002798797699284,0.013746759817678887,0.007028938207747282
10.0,24.0,58.0,0.011915725177130607,0.005196448003722752,0.013588837143484451,0.009372052384309795
6.0,21.0,75.0,0.011992295762195102,0.004958028314685889,0.013624202648547195,0.008169789562762627
21.0,24.0,34.0,0.011917596815999585,0.0047483622831852755,0.0137054948706314,0.006940738312167925
28.0,25.0,25.0,0.011683641661811637,0.005395463652962828,0.013278742532800723,0.007908396043235991
23.0,27.0,39.0,0.011525008220449929,0.004957853938433829,0.01298928000575517,0.008367368948628884
23.0,27.0,46.0,0.01201146516907528,0.004658198683104778,0.013331608724899831,0.008409386730591153
6.0,16.0,75.0,0.011741615679683787,0.005047260366266821,0.012911761850681708,0.0077259692368835875
22.0,38.0,52.0,0.012073505039561908,0.005115971131352481,0.01415463511791135,0.007054245464160994
26.0,27.0,30.0,0.012189215035223496,0.0049657138152606655,0.01617633365560204,0.0069137630539314295
25.0,36.0,33.0,0.011987479902327857,0.004871016042140961,0.013673511141692777,0.006799182040628216
18.0,25.0,54.0,0.011891467830096949,0.004865737911637171,0.01439231205201076,0.0067182061038162716
26.0,23.0,32.0,0.01217262326778087,0.004901377206754157,0.013906988977922254,0.006547863638466235
14.0,19.0,35.0,0.011635797002222321,0.004825913342932817,0.013234580967034408,0.0061352080488716295
23.0,27.0,51.0,0.011977945252983006,0.00508859556080626,0.01403013153611876,0.008405752952588207
21.0,49.0,50.0,0.011908877562270008,0.00502065895413663,0.013600347483305816,0.00832737848966493
21.0,26.0,30.0,0.011623145354849837,0.005095805974046841,0.014862353497215082,0.007631965827487932
17.0,24.0,49.0,0.01215362785752615,0.004953533921479565,0.013446088176225631,0.008691930823362712
19.0,19.0,26.0,0.012081930159263518,0.004830496489832028,0.014105149792304974,0.0067411292863664785
23.0,31.0,47.0,0.012105778329935986,0.004840573308080493,0.014087830297143916,0.00794058872186899
18.0,17.0,28.0,0.011234686418659651,0.0050382126123885256,0.013611271463008421,0.0068308154819391705
30.0,33.0,35.0,0.011902503917191718,0.005346907698413153,0.013866273485184705,0.007873437357649988
12.0,14.0,39.0,0.011875920894634134,0.004894565155265185,0.013276338056974969,0.007412739069485678
14.0,9.0,39.0,0.011691059206876249,0.004945502939910818,0.012799394208557479,0.0064346837013867396
20.0,15.0,19.0,0.011859769322824823,0.004631082266431173,0.01460726732663899,0.007131852020002724
10.0,20.0,54.0,0.011577717061578988,0.004926550382491512,0.012734496553500941,0.007194857931002466
21.0,20.0,38.0,0.012421755789339285,0.0048853072995451935,0.013692466058541184,0.007063802725068539
27.0,31.0,24.0,0.011926238800319715,0.005457875378180134,0.013165114115201205,0.008718490163852637
12.0,11.0,36.0,0.01209954717474655,0.005014023253705211,0.014180031493131613,0.00798368471092306
22.0,11.0,31.0,0.01205468043635622,0.0050596210003285855,0.013845949950802456,0.00672442073107437
9.0,10.0,47.0,0.011940035698712385,0.004669844064337957,0.014148638102506338,0.006236899785167308
28.0,19.0,29.0,0.012071322113909887,0.0044336018165982895,0.01434019689666922,0.006167966910619726
27.0,31.0,40.0,0.012364442045288178,0.004508249557290455,0.014061424843689843,0.007399335277170128
26.0,28.0,32.0,0.012082408853543315,0.0051337221322304396,0.01419092495788076,0.006531018615297251
20.0,38.0,58.0,0.012024548655007428,0.005088578401617364,0.014642511571771969,0.008928015645255014
33.0,46.0,27.0,0.011881823700876593,0.005133607083237461,0.01441380094980912,0.0074202382004038515
11.0,22.0,56.0,0.01169851696864231,0.005166310945436349,0.01380014479642973,0.008460392023871211
19.0,14.0,32.0,0.011938487431890866,0.0052136828309769494,0.013934157323531631,0.0073019273010385905
29.0,54.0,33.0,0.011960410329669631,0.004970608731551502,0.013577899899762666,0.0073972324271846515
20.0,18.0,27.0,0.011931270174578087,0.005149220822074905,0.01489391380216997,0.007953776638890114
11.0,17.0,53.0,0.01206003849731202,0.00497936737003615,0.01323007603766418,0.007245411418167122
30.0,41.0,31.0,0.012179008426911284,0.005040501744215614,0.014798488493512575,0.007111231323605734
21.0,20.0,35.0,0.011775650630170793,0.004793310737656595,0.013777005340985716,0.00646027896347997
6.0,18.0,66.0,0.01189329875199721,0.005019252358734623,0.01352351230601433,0.008617293486978433
27.0,36.0,32.0,0.011950924172963001,0.005114128982101946,0.013321174688793116,0.006702909679404983
14.0,20.0,48.0,0.012019783663020884,0.0048525478673328215,0.014038076428812449,0.008661904220172425
31.0,58.0,29.0,0.012098896720789716,0.004716458243588703,0.014325334839754712,0.007605332443808679
25.0,25.0,28.0,0.011920155460120476,0.0049413808105589286,0.013641155545670882,0.007811574520303837
18.0,17.0,42.0,0.011941391921898376,0.004936867814538871,0.013567707041615112,0.007200735901143611
21.0,18.0,48.0,0.011997198607156824,0.005122763222654688,0.014012461805332692,0.007752895223751658
15.0,22.0,52.0,0.012154078785858778,0.0051943416742343314,0.014437566647465734,0.007872465258108596
13.0,18.0,53.0,0.011814604820395518,0.005027072140839999,0.013368275379929878,0.008808976286905777
12.0,14.0,43.0,0.012116644181005354,0.005167245902022108,0.013238368200233231,0.009029424955251006
25.0,33.0,40.0,0.011745003046742605,0.004964924631305261,0.013455660404961428,0.007565199677451536
19.0,33.0,56.0,0.011752481785399465,0.004763596687921528,0.01425669425695234,0.007510402387604625
26.0,41.0,39.0,0.011832318796098069,0.004988700691252054,0.014015625076284273,0.007526376955273805
10.0,15.0,66.0,0.012295764375819931,0.004858267247294078,0.014416195798383402,0.006885165733663256
24.0,34.0,42.0,0.011926501624959422,0.0050429677592175575,0.013157836305297342,0.007513430571090095
25.0,21.0,32.0,0.012042486293273287,0.0053549395799721705,0.013902239265612472,0.00915598668925177
9.0,13.0,59.0,0.012188365050421387,0.004913962700016394,0.014197925826904738,0.006972996738984699
18.0,28.0,43.0,0.011723866472047638,0.004667087097401118,0.013428883156638078,0.006677069902769639
13.0,21.0,51.0,0.011628802958935144,0.005015821525988532,0.013245006592174957,0.007823827803735276
18.0,15.0,44.0,0.012156937775647796,0.004786219813817446,0.014104779445755725,0.006552420876878918
22.0,25.0,24.0,0.01215126838425275,0.004956560463712945,0.01396700818769588,0.006518374514602657
13.0,17.0,45.0,0.011963496368715886,0.004847731632732353,0.013629558624195895,0.006840628516588748
15.0,26.0,53.0,0.012025191905476929,0.0048639389399586785,0.013855739634471556,0.007350419828546017
13.0,16.0,50.0,0.0120677335909916,0.004724317791876454,0.013959723080943249,0.007336357471777209
22.0,26.0,31.0,0.011729589945705656,0.005056409802338193,0.013820051753603813,0.00720709905201747
16.0,10.0,26.0,0.012302734777394988,0.004889175073886371,0.013722697794502395,0.00739092706220178
29.0,43.0,33.0,0.011921508932357244,0.005010706190509511,0.01514923055613501,0.00723624593564286
17.0,21.0,43.0,0.012116936937632751,0.005283965853393926,0.014662002432396884,0.007446326994656865
24.0,35.0,35.0,0.01236807175990073,0.005057901260546881,0.014159648561091488,0.007684612238754434
33.0,53.0,30.0,0.01216858760899992,0.005066338459946806,0.014545670543177769,0.008998768820530833
24.0,26.0,42.0,0.011880055302922993,0.005132649451052252,0.012926767879219984,0.006995409845445665
7.0,32.0,80.0,0.01193668971816652,0.004972505976544596,0.014327521331467348,0.007890267630125373
9.0,12.0,67.0,0.012459514030869971,0.0050712465239879075,0.014969789843790328,0.00766625819233709
21.0,21.0,31.0,0.012099560697149004,0.005053589271886871,0.014057393417415336,0.006882438826579171
14.0,9.0,32.0,0.01217520671114313,0.004841105427499466,0.013514733642103541,0.0069306587542604
22.0,20.0,29.0,0.011833180910859992,0.004809635033856336,0.014072013588738164,0.007096420698575858
28.0,33.0,36.0,0.011844827222049029,0.004989604145269781,0.01411623704017228,0.007371153104589526
14.0,9.0,34.0,0.012300800389909322,0.004970670928451684,0.013321210068474941,0.00813285916889718
21.0,24.0,32.0,0.011897106066894954,0.005194804747681011,0.013547730756907685,0.0078077837347321705
26.0,27.0,34.0,0.012123175237262,0.0048662211642125424,0.014181010334705875,0.007006627088341363
19.0,32.0,43.0,0.011946188399689124,0.005194298481254741,0.014019937352123186,0.0072026183709340596
19.0,23.0,36.0,0.012118114997206546,0.00516069000862495,0.013623981986076988,0.007150820509290449
15.0,15.0,50.0,0.011946440695807359,0.004801902964578293,0.013648881487604141,0.007070490440697868
19.0,21.0,44.0,0.011910629908432228,0.004928573279720491,0.013294108953939359,0.007204517446143466
17.0,14.0,41.0,0.01230604730970498,0.0049787952538416155,0.01447671389138519,0.006826965982880952
14.0,19.0,50.0,0.012283155189916805,0.00503533453872183,0.01453324232820177,0.007543062595841894
18.0,16.0,36.0,0.011954696082313514,0.0050573774061223676,0.015108853629284784,0.007367748876431985
21.0,24.0,44.0,0.011794696655530887,0.0048833057974865725,0.014325855352696381,0.006341780812592241
17.0,11.0,32.0,0.01172994693155554,0.005054553432304525,0.01283537394600262,0.008056960596203687
8.0,16.0,50.0,0.0121851073447622,0.005222666096486781,0.013715206463367676,0.007184684632142048
11.0,11.0,35.0,0.011563951870855592,0.0048481793087332605,0.012294504780927288,0.00728850103700463
31.0,31.0,26.0,0.012001720017941172,0.0049842286392980575,0.014377365501011768,0.008302587533940609
23.0,25.0,35.0,0.012133400082254777,0.005107917963635985,0.013804894530639657,0.00834285093815134
26.0,30.0,35.0,0.01227482437532872,0.004983652553857168,0.01317217118810964,0.0068082461024589645
25.0,26.0,37.0,0.01213307517529713,0.004799930719987876,0.014730276582822662,0.006216862131592094
29.0,23.0,26.0,0.012465860011764177,0.0051020190900361705,0.01454358049068295,0.007652718677370916
9.0,11.0,51.0,0.011057457120374764,0.00503436967566028,0.013264757393992372,0.007775921627988942
23.0,21.0,40.0,0.01206175152979015,0.005101876431757095,0.013142999718223095,0.006890193464600106
22.0,28.0,39.0,0.011937287182614123,0.0049718325774498395,0.014367875582105087,0.007655065442174319
22.0,28.0,39.0,0.012383268077151016,0.005091061248681173,0.013938757879204485,0.007474177092517344
14.0,20.0,54.0,0.012129735726781572,0.00519830968610183,0.013856384212791749,0.008471850492365613
27.0,23.0,36.0,0.012182233849555756,0.0046325055356214615,0.013860754188363873,0.007599232126164529
28.0,35.0,23.0,0.011767375803386123,0.004982317631990764,0.0139783722885707,0.006506121756109348
27.0,41.0,50.0,0.01202659079506486,0.004824444218877946,0.014451626581025712,0.007268649854270348
7.0,10.0,46.0,0.012052631861103287,0.005078194968445764,0.012974803983818464,0.007647411652939281
26.0,18.0,19.0,0.011875244280654194,0.004969630900674332,0.013405906935170945,0.007893382707273388
19.0,27.0,43.0,0.012376326000865884,0.005046153103385795,0.01356648908838284,0.009842372966818056
29.0,25.0,29.0,0.011787196945326692,0.004978859569448924,0.014756715188112847,0.00745451705403117
6.0,19.0,66.0,0.011816701585424578,0.0051158430021822215,0.013683906289510241,0.007330345595128798
17.0,18.0,48.0,0.011870766978032849,0.004629095409645195,0.013290442258096752,0.008040600485571559
16.0,32.0,57.0,0.01195954687705598,0.005002260001044507,0.013695900267103744,0.008280826556276929
24.0,30.0,32.0,0.01173585700505723,0.004751145887956915,0.01292329562710338,0.00627921771692714
17.0,14.0,27.0,0.01228717638203182,0.005164408051958189,0.012991826959437958,0.00751780623836075
23.0,27.0,34.0,0.011878248326653369,0.005129630178990307,0.013534189071949282,0.00754091937656677
20.0,28.0,43.0,0.011996059199363234,0.005228073776997489,0.014101187308189198,0.007550060547286864
18.0,19.0,27.0,0.011768853469032305,0.0050772261766316145,0.013290555896422937,0.006493408117697386
19.0,21.0,35.0,0.01186206330457952,0.005130246821704085,0.01271432804837488,0.008321458893367842
16.0,18.0,39.0,0.011764390210879905,0.004675301441544665,0.0132948160876303,0.007495018383682755
25.0,30.0,34.0,0.011629245534914736,0.004996233027547477,0.013163153916478144,0.007600198889517208
15.0,32.0,73.0,0.012293924897700287,0.004894090825903864,0.01379813886927982,0.008789785474159106
14.0,17.0,51.0,0.011876491645263993,0.005018159235662508,0.01273413707105229,0.00768450307098382
21.0,31.0,39.0,0.011891111298336298,0.00483148626695602,0.013646710800035723,0.008583556278319918
25.0,31.0,23.0,0.012155064948959298,0.0051688071632621894,0.013991532764987756,0.00792690309156439
27.0,22.0,22.0,0.011626378011060656,0.00500968134900389,0.013077064282019251,0.00690759526499835
15.0,17.0,29.0,0.012278300544840486,0.005120243389049543,0.013638588177115905,0.006922882249409958
15.0,17.0,50.0,0.012323188979126373,0.004908060221595542,0.013687942691204548,0.006903790801590386
11.0,14.0,34.0,0.011836301823159343,0.0051117812146411435,0.012816055670240727,0.00698287701910052
21.0,33.0,35.0,0.011991378360050679,0.004842753339644775,0.013713815251991284,0.008248729717016257
21.0,30.0,49.0,0.012086440784854295,0.004900539328337185,0.014452249071484662,0.008730091421454521
28.0,26.0,33.0,0.012127258369244227,0.005189038644714253,0.014438953308326875,0.008077301311821893
14.0,23.0,48.0,0.01172172000863595,0.005178472188709582,0.01340414451445902,0.008004404724545751
8.0,20.0,61.0,0.011913929537133256,0.005092450567040972,0.01449717772726123,0.008451586622002977
6.0,22.0,66.0,0.012292074550908937,0.004995627014136868,0.014485420959409969,0.006802284776005693
16.0,21.0,41.0,0.011674849293455315,0.005086246276855196,0.013535714627766546,0.0067003335764268075
10.0,15.0,39.0,0.011776781710340491,0.005248812564632477,0.013469549400798772,0.008939918638127072
17.0,29.0,48.0,0.012111459688449951,0.004887911835280493,0.013601684232372851,0.006671907220122221
29.0,35.0,22.0,0.012063921874854227,0.005282922705637443,0.013997210449654159,0.007143519195453145
27.0,32.0,41.0,0.01197606343712078,0.004781869377600105,0.014605576903673053,0.006490407204759375
15.0,15.0,31.0,0.012117140119436091,0.0050297940408381035,0.01455573457515981,0.008063809331570325
18.0,21.0,43.0,0.011818677181533864,0.005040373996207754,0.0137016107428898,0.0071924868195459
16.0,23.0,60.0,0.011864055583495544,0.004731847740933546,0.013326581139258949,0.007830251689258603
23.0,36.0,46.0,0.012074994111222741,0.005200234480262263,0.014318920748898959,0.007982513969586207
24.0,39.0,46.0,0.012052986032467386,0.004945442815274859,0.014657819764111494,0.00715110691389595
33.0,46.0,25.0,0.011958397966662159,0.004988129048003586,0.014491668350488348,0.007896399842015813
26.0,19.0,28.0,0.011829162934852951,0.005240993656372666,0.014412220502837329,0.007420616923750294
21.0,46.0,43.0,0.012070998032712513,0.0051437353956538074,0.01489722110339841,0.008926491435176752
24.0,35.0,38.0,0.012093030678034515,0.004957978221065524,0.014206484483227998,0.007113856056653872
25.0,38.0,41.0,0.012021580176310614,0.005049785351379513,0.013967677378827276,0.010364611139899034
33.0,47.0,33.0,0.012198149853443106,0.004796784648918407,0.015193859616895197,0.006461644909143722
16.0,27.0,41.0,0.01182311214196912,0.004740847151916958,0.01324404230416438,0.007024785306074692
16.0,15.0,33.0,0.01250090263905466,0.005136857105651778,0.014010562254491656,0.007771767449806652
24.0,45.0,37.0,0.012252637768247952,0.005551760222731563,0.014473548758285631,0.008807082555002928
15.0,24.0,47.0,0.011913347668113949,0.0050283529419753075,0.014458071287535285,0.007724063172092769
26.0,21.0,33.0,0.01204793567995452,0.0046783975172975155,0.013786029470931688,0.0071542609950632375
19.0,23.0,40.0,0.012318383639560315,0.005115372207341143,0.014254896935197534,0.007706918406877325
11.0,27.0,55.0,0.0118799116780967,0.005086922572942355,0.013658333735297436,0.008662423704499038
20.0,20.0,29.0,0.011618074737921886,0.005074903020569762,0.012954774108963221,0.006451250745873394
26.0,30.0,29.0,0.012008505961673095,0.005164327941713687,0.014040302882734,0.007841261734551309
8.0,40.0,78.0,0.012437201688266886,0.005151023291010692,0.014570282722181643,0.00882464849511483
19.0,10.0,39.0,0.012199278956536256,0.004932911804813547,0.013220549794679343,0.007289211284062526
9.0,16.0,57.0,0.011811651891720471,0.004908324980439238,0.013237735224575857,0.006912888387068764
20.0,18.0,36.0,0.012015855297034122,0.004990433504140374,0.014069358587036085,0.006752845927554597
16.0,14.0,35.0,0.012407261410300166,0.005125366065394565,0.01345909624526538,0.007209917590993216
21.0,19.0,33.0,0.012519139179741802,0.00493852192037101,0.013933932850638623,0.007955426459221879
12.0,19.0,60.0,0.011988986250964971,0.004953813404524802,0.014073204199059405,0.0073378252485331785
18.0,22.0,38.0,0.012397638211163818,0.0048944985579721795,0.014404761196477003,0.0065953312425682704
20.0,13.0,21.0,0.0120153487624681,0.0051503525154451895,0.01426967383994306,0.00710099925362219
20.0,17.0,30.0,0.011920738770827938,0.004920690973553933,0.014230003015609975,0.007143770212108972
17.0,15.0,26.0,0.011908266411817069,0.005088958749258698,0.013658155481217278,0.006952668822206945
27.0,34.0,33.0,0.01184223137310763,0.005240475681686698,0.014489037174658203,0.007186055914771972
4.0,13.0,67.0,0.011799778941544992,0.005031268267920746,0.012495025354930604,0.0075746165166877205
21.0,28.0,39.0,0.01199508844059603,0.005234981828535475,0.013377399544565084,0.007192998269305794
33.0,48.0,23.0,0.011816466956654928,0.005275110661051087,0.01407375488056675,0.008108517032914967
30.0,57.0,39.0,0.01183928044336408,0.005171060771263596,0.014266596923201131,0.008059833404256074
17.0,20.0,38.0,0.012010104331740748,0.0049142622854962785,0.014426770497200947,0.007642901307880124
12.0,34.0,63.0,0.011903932799027971,0.004999728759184213,0.014657618350962647,0.007217057487382625
26.0,23.0,32.0,0.012046927684652523,0.0050092437739137005,0.01363041583352907,0.007430105582970863
14.0,22.0,50.0,0.012017804293892216,0.004854107166386189,0.013831537349014551,0.006529391429700321
22.0,31.0,49.0,0.012096646252013192,0.004706703391672269,0.014628600242534309,0.0071376145260699875
28.0,33.0,34.0,0.012176425853069129,0.004926696670254832,0.014461728081509525,0.007229296117356755
22.0,24.0,38.0,0.011730648650312077,0.005041455457140046,0.01391993711806951,0.009031771734565758
8.0,29.0,60.0,0.011859336034931634,0.005139980985083752,0.014882732993873224,0.0073113441420459314
26.0,27.0,30.0,0.011625535225601929,0.00473127355172651,0.01438138962556771,0.006424725375605096
25.0,31.0,29.0,0.012039223336869905,0.004914346888109135,0.01431811403148493,0.00695796013023443
16.0,27.0,56.0,0.01155639037038314,0.00504017773628926,0.014236878314839732,0.0072547904150112264
19.0,20.0,38.0,0.011898104454868516,0.004670680979957164,0.013226668578714379,0.0066555989280355785
23.0,39.0,42.0,0.012008836065283506,0.005133211533941864,0.013276473130907927,0.007596022647147388
17.0,43.0,65.0,0.011850946918954972,0.004895448531448428,0.013533120428388829,0.007205146108375466
23.0,22.0,36.0,0.012076014489507923,0.005508146247258777,0.013668973102885095,0.008521839386633388
2.0,14.0,74.0,0.01233678006217872,0.005078417055329968,0.014436992814009147,0.007979575570549768
18.0,30.0,45.0,0.012238319301289349,0.004945730719971178,0.014243471405869203,0.007745762210167853
19.0,26.0,46.0,0.012078114420473064,0.004997385437482519,0.013487420183241922,0.00747702214116415
26.0,21.0,30.0,0.012372534991960484,0.004950853297969419,0.014236259063479357,0.006853757592577197
14.0,28.0,64.0,0.011824441936201231,0.004947564104045908,0.013990637900810298,0.007689306031291144
8.0,12.0,61.0,0.012101744003727587,0.004856697791110832,0.013487541048575878,0.006585044602699144
20.0,22.0,41.0,0.012215522280451462,0.004881723367590698,0.01380003543695282,0.008357804057206555
35.0,43.0,32.0,0.012092062656980521,0.004799037542452718,0.015120179341695612,0.006417650833225175
17.0,12.0,32.0,0.01218877341361224,0.0048735685403063726,0.01366332682228763,0.006835254791234684
17.0,16.0,21.0,0.011908153850980588,0.005041658076232684,0.014294365148863297,0.008046894576491527
15.0,11.0,24.0,0.0121017697963473,0.005081787995277543,0.01390371884359958,0.006846072751354633
25.0,46.0,36.0,0.012192373010558965,0.004835093302554811,0.014359174333470347,0.007455528094016806
14.0,18.0,44.0,0.012049621502328214,0.005014355323853242,0.013526980895762965,0.006454007179894796
27.0,57.0,39.0,0.012020568848246423,0.004978395985081012,0.014720772580731546,0.008011734298507324
8.0,10.0,45.0,0.011170664226590736,0.00511248588451148,0.012130197979151887,0.007405501746601081
9.0,27.0,57.0,0.011991862701085964,0.004977792436123763,0.01437324341586443,0.009659789340402198
23.0,36.0,44.0,0.01185966075611632,0.004962060454105276,0.013342737552519694,0.006897147362139096
22.0,28.0,38.0,0.012099945829693691,0.005249707756335521,0.014273258357301703,0.00760014141847599
8.0,13.0,67.0,0.012770330872614944,0.005003487539271166,0.014162916624335215,0.007500226275321573
27.0,31.0,21.0,0.012446870688771294,0.004715506577465857,0.01494040115307882,0.006645240770984119
25.0,32.0,35.0,0.01248377932615097,0.004953418150294816,0.015373752563431427,0.006910717416506554
22.0,27.0,48.0,0.012040321979427223,0.004752171141741957,0.014933506895823024,0.006529309793792422
11.0,24.0,52.0,0.012016123747372454,0.005132807869893154,0.0136324528867451,0.008539942940715469
19.0,12.0,19.0,0.01158665686630081,0.004854201749285623,0.012814695152101008,0.00669204813496505
25.0,39.0,45.0,0.012062262510470146,0.004899620076381332,0.013841128520141384,0.006883736633807478
6.0,10.0,63.0,0.01256829836502861,0.005027638884161813,0.01348382156613234,0.008859535091877091
31.0,48.0,36.0,0.012119360191861966,0.005049751796840546,0.014691713279689853,0.007001059931526493
9.0,10.0,22.0,0.012017945696541807,0.004986962806574719,0.01294464536038772,0.008645322354007392
14.0,15.0,45.0,0.012112246018016758,0.005122488825678695,0.013815913876245487,0.007203520870163816
12.0,24.0,55.0,0.011833459557814693,0.004983417776480442,0.012934686345344443,0.007188065036744619
20.0,33.0,63.0,0.012126461555274257,0.005135593709057818,0.013913912357177578,0.009081378171789677
20.0,14.0,30.0,0.012306668643301185,0.004879537451506587,0.014624783795225338,0.007824221252051235
12.0,13.0,43.0,0.012262697387311587,0.004822796939178628,0.014269128686184868,0.007805931945365322
17.0,20.0,47.0,0.0119546842095712,0.0049430079266225896,0.013677769046817036,0.007084087952356044
14.0,11.0,30.0,0.0118383064679162,0.005109975225394053,0.012775951888104094,0.007235449465054246
31.0,43.0,35.0,0.012116975524165971,0.004818941377276402,0.014027810336320563,0.007040740374647993
22.0,22.0,31.0,0.012136216355277823,0.005008485810084713,0.013852002502875004,0.008133805472768478
20.0,19.0,35.0,0.011859479869503049,0.00504470102716373,0.013446797474952829,0.0067710796914221645
21.0,24.0,34.0,0.011815029947111408,0.004894668218421686,0.014293944042506406,0.00706558235857072
19.0,20.0,31.0,0.011890600368948605,0.005028035842917931,0.013852324620291102,0.0066647501648013936
26.0,37.0,42.0,0.012166417310897263,0.005075272628963554,0.015395474793220832,0.007612600023128359
14.0,30.0,55.0,0.012171002726829276,0.005064273302024507,0.015252719490978037,0.008192170136090764
22.0,14.0,25.0,0.011776765869390318,0.005300760020415051,0.013202710191540543,0.007300379425989874
15.0,18.0,49.0,0.012021156073538635,0.005273598464896413,0.01365398213972164,0.008081308179389254
16.0,20.0,40.0,0.011927090933196776,0.005363422629919625,0.013535700344641927,0.008239248129093862
22.0,46.0,57.0,0.011991720291746012,0.0050521528068885185,0.01518253284993034,0.00704273593830935
20.0,26.0,40.0,0.011853833531628916,0.005213457321980161,0.014163422274261185,0.009643421897620241
25.0,32.0,47.0,0.012207543149908393,0.005001485531397302,0.014028673861098677,0.007401710592538547
22.0,20.0,26.0,0.012204239361927351,0.004887973963366501,0.014187339007103625,0.0067145362788243075
22.0,26.0,43.0,0.011545619478647672,0.005131845911590239,0.013110854341311231,0.007113563304224298
26.0,45.0,33.0,0.012073113483293294,0.0048695376061675824,0.013801751097778326,0.007646399081478713
8.0,12.0,54.0,0.011970384183380313,0.005054745178534752,0.013759661791471905,0.007194782344334914
10.0,20.0,50.0,0.012142710830274878,0.005435625523213254,0.01365625668843546,0.007776297949323679
20.0,17.0,40.0,0.012515011970662729,0.00492042157644104,0.014279724764550856,0.008545538528205813
24.0,30.0,43.0,0.012016830033628072,0.005065617462532535,0.01381464722663528,0.0073495137071160265
12.0,31.0,56.0,0.01198553074663722,0.0050126379846314436,0.014631535352256034,0.007669854297822908
12.0,15.0,34.0,0.01191153462348266,0.004918324885918046,0.014057323674068136,0.007739677536232985
19.0,20.0,37.0,0.011936423625072173,0.0048845043735396155,0.013366505964094812,0.006967074636915969
15.0,20.0,28.0,0.012567676328685185,0.005088078144759986,0.014137124165068297,0.006548698025456361
16.0,35.0,62.0,0.011952933371020573,0.004913037135809156,0.01439201565859143,0.00796947952584248
21.0,16.0,16.0,0.011998748951518135,0.005271963523140334,0.013816726682562092,0.0069788259762117505
7.0,29.0,66.0,0.012089680745326882,0.005078345117140552,0.014420921024922768,0.008733652579053603
27.0,32.0,37.0,0.012095757857341002,0.00472077043004725,0.01469810490224239,0.00715590011559785
24.0,31.0,33.0,0.01203884762278735,0.0051250326411319295,0.013464232399177052,0.007321095463801989
22.0,24.0,42.0,0.012063626116270926,0.005010497906376753,0.013446562774582446,0.006803066254959937
21.0,38.0,55.0,0.011957370413274526,0.004985607535242672,0.014370719758273937,0.008288099291369894
17.0,19.0,22.0,0.011940198888136366,0.005211406114755482,0.013672405800887844,0.006183721078266769
7.0,36.0,86.0,0.01201225460106546,0.004903821248495211,0.014962536526426538,0.007593534230013499
33.0,50.0,32.0,0.011950937684764495,0.004731057312239383,0.0140063864347421,0.0064642587812961064
11.0,18.0,54.0,0.011875184232664857,0.0049720444632173795,0.013146062824378331,0.00817570293525925
16.0,26.0,50.0,0.01177470137336816,0.004992107054237912,0.013424296422556185,0.008537183179011313
25.0,23.0,34.0,0.011912999764422005,0.005111003898901592,0.014321536175113725,0.007525342825816366
25.0,30.0,38.0,0.012046191418623387,0.005021461552459439,0.013652806659287366,0.008375983594347809
8.0,25.0,63.0,0.012213142361186115,0.005078978310842423,0.0138289048534673,0.008280567300611854
15.0,28.0,59.0,0.012206264948408643,0.005053753481564729,0.014746346524874368,0.00805361194028757
7.0,18.0,57.0,0.011944637831151251,0.00504735090070016,0.013822791853852458,0.007665010715515995
15.0,16.0,55.0,0.011930523311617144,0.00522601822567115,0.01374210569510442,0.00801616117271804
15.0,10.0,22.0,0.011964848142945406,0.005224862870582228,0.014285008914252426,0.0069578514499598395
14.0,26.0,49.0,0.012052185836382479,0.004963767808874168,0.013950012013579472,0.00708719704274745
19.0,23.0,42.0,0.011961755599632879,0.005117985459089691,0.014895483291210822,0.006913546469911806
22.0,27.0,34.0,0.012092721010600192,0.004927640159914325,0.014141030927500731,0.00651956739049799
20.0,24.0,38.0,0.012155905282614544,0.00499297692153206,0.013908908510915398,0.007191721419593481
15.0,21.0,51.0,0.012346822595986854,0.00495456755098424,0.014525576272933338,0.007718485679516828
17.0,13.0,46.0,0.012019054144189743,0.0050965609853829506,0.01297253967799483,0.0076883949126737095
24.0,21.0,33.0,0.011977483328308431,0.005067237981114935,0.013567164178348329,0.00804778053657764
18.0,50.0,69.0,0.011905153470186112,0.0048711462527116,0.0142793643719686,0.0077288854153514655
23.0,48.0,43.0,0.012027821268890309,0.005080685735225621,0.014164414516208222,0.00679738966702005
11.0,25.0,64.0,0.011925676668135612,0.005043598036283643,0.013547744962359784,0.007449656881074743
18.0,14.0,28.0,0.012408112538991736,0.005168360411847386,0.01447973204720692,0.006419962551175479
35.0,33.0,25.0,0.012286210431377585,0.004898184135671951,0.013891335311733356,0.009122325518391924
15.0,14.0,50.0,0.012339185716970976,0.004678687535012682,0.01455532125596354,0.0072888496617561065
27.0,33.0,36.0,0.011840545398574287,0.0048624847307482035,0.013745099347857734,0.006709502995723682
23.0,38.0,46.0,0.011981215146323948,0.0050422904096247756,0.013926895169291015,0.0072860901697323795
12.0,20.0,46.0,0.011807976983295854,0.005126584341068317,0.013891305723745872,0.007752121093488766
22.0,24.0,39.0,0.011925682539509562,0.005235760981857647,0.014101215813342947,0.007690559110153208
18.0,17.0,38.0,0.011918086922791912,0.004881162252705264,0.013625194677502223,0.007189129575428238
18.0,38.0,59.0,0.011867250585661468,0.004973292963327566,0.014216545077266381,0.0068604111606521785
22.0,21.0,30.0,0.011932937921975615,0.00501600351768665,0.013664605986752128,0.008136028419412722
23.0,19.0,37.0,0.011966239944146152,0.004931916518215149,0.012891776652398377,0.007100499480517737
14.0,23.0,50.0,0.012089857279613704,0.005080301097113783,0.013514651444530144,0.008833729895183504
26.0,22.0,27.0,0.011846027785068686,0.004848106135912865,0.012620626030651696,0.006324932034848722
14.0,14.0,40.0,0.01195272117750558,0.005250422957376483,0.013565851228880026,0.008344038878249702
20.0,17.0,37.0,0.011831359657689756,0.005011494400944083,0.013533600007339552,0.00685029551401664
19.0,18.0,43.0,0.011967762900392049,0.005204847368321428,0.013545519247550007,0.007645597223187066
24.0,28.0,34.0,0.01193492428524125,0.005237078717111865,0.01426535703567679,0.00816321120815282
29.0,29.0,25.0,0.011957772002147222,0.0050076563075091155,0.013866078484451613,0.008411342527886424
11.0,20.0,56.0,0.012323989458225873,0.004961902240555792,0.014454912579051838,0.0068728025925182575
24.0,32.0,37.0,0.011981540627166056,0.005034505478105382,0.013463332162403405,0.0071015542486538375
32.0,24.0,18.0,0.011972723016026109,0.0047698503962158795,0.014192790842719696,0.0065999365094534254
23.0,37.0,50.0,0.012136993332359906,0.005273617161863983,0.01376329210388871,0.008091371226803397
17.0,11.0,45.0,0.012010095669176605,0.004816079295176851,0.013507638565602671,0.007268791915657349
17.0,14.0,19.0,0.011724090619743648,0.00472352770379033,0.013817794851009212,0.00600263165435673
12.0,9.0,32.0,0.012001004991862121,0.005132591336166897,0.014155343556493553,0.007715054039753295
22.0,30.0,51.0,0.012063824818690578,0.004968135017175092,0.014212201464179171,0.007160431140017539
26.0,59.0,34.0,0.012083887457402182,0.005067820063877777,0.01405067494661977,0.007347014080817235
22.0,19.0,40.0,0.012266814045620729,0.004951381283177732,0.013267142014418002,0.0070772963611965565
25.0,23.0,28.0,0.012057625670438605,0.004781341776680614,0.01313899175446797,0.00597144207024169
20.0,17.0,42.0,0.011466067812168622,0.00477652019053013,0.013303054378046035,0.008019035319476104
14.0,23.0,56.0,0.012135114843932959,0.004867708110808792,0.013453585984280337,0.0076357821490573765
22.0,29.0,36.0,0.01179644727393498,0.005035887982864418,0.013578988002034834,0.0071846204235100596
26.0,35.0,36.0,0.011985394457481143,0.004819517525272785,0.0135361659545964,0.007365214568395753
17.0,22.0,42.0,0.012097658274987063,0.005000310008950283,0.013575807258034629,0.007331573343739661
25.0,38.0,34.0,0.01198076362628245,0.00467887220922115,0.01568382853345756,0.008645148552284293
17.0,18.0,30.0,0.011682833775137649,0.005119708311912424,0.01308470086941702,0.007492778959808778
18.0,21.0,43.0,0.011699798097101257,0.0047762758228168676,0.013282153337511824,0.006336809441234968
20.0,24.0,35.0,0.01184298765474644,0.004868120376978802,0.01407692156962437,0.007272403704557401
25.0,22.0,31.0,0.011797584828080944,0.004943668933576476,0.0140194440069366,0.008559170668795142
32.0,31.0,33.0,0.012211397266478512,0.0049798259373639705,0.013657524831611808,0.0066141633375814786
28.0,25.0,33.0,0.012347411371886458,0.004911327654206396,0.014406403577175613,0.006904642776884618
22.0,19.0,28.0,0.012012082605671343,0.004857720208972174,0.014712512266053409,0.0064448767067329035
19.0,18.0,34.0,0.012092886223645028,0.00522349017681905,0.01412984855953304,0.007637355758355204
24.0,29.0,36.0,0.011941816039315056,0.005238690492482841,0.014194360409866087,0.008362790660616381
3.0,18.0,94.0,0.01195796495777898,0.004895190684058646,0.01364904747514949,0.007414581854089649
18.0,20.0,45.0,0.011819000451864941,0.0048081511739799035,0.01351684591163976,0.007098772420796024
21.0,32.0,51.0,0.01182591636560544,0.004869069353846282,0.014126748801458191,0.007556554122122359
15.0,13.0,45.0,0.01218551812285146,0.00498954012985344,0.014189992888176496,0.007630408738499848
25.0,28.0,32.0,0.012230979238949459,0.005041977310250989,0.014205990013191776,0.007131679333039336
7.0,12.0,73.0,0.012494502043748005,0.005035898397392426,0.013786795881098187,0.008249043817362382
35.0,38.0,23.0,0.012003234742799485,0.004971791500667511,0.014222348283544297,0.007296567125045636
15.0,30.0,64.0,0.011779036444354692,0.005113988112473231,0.013332223972241396,0.008183523161316488
20.0,19.0,36.0,0.012256602079740915,0.005050629838972307,0.01437061831244761,0.006999807905514146
24.0,40.0,50.0,0.011793460369244843,0.004977126601422543,0.01380523631889331,0.0077328817810194015
20.0,24.0,39.0,0.012277786807278444,0.004888537772974982,0.013763630774363078,0.0077297950734661796
8.0,28.0,66.0,0.011902177549572223,0.00517940646933105,0.014570574100292109,0.008542932959150843
13.0,13.0,42.0,0.011784205311481416,0.004989040420260568,0.013461469487796543,0.007310123772671788
5.0,16.0,62.0,0.01149643170288202,0.004979651931607151,0.012801495529105577,0.007760072424841727
37.0,40.0,21.0,0.012079015837791331,0.004638729272544064,0.013706227791150804,0.006237467765152857
16.0,18.0,48.0,0.012435763719303465,0.004963513997635646,0.014506138017074087,0.008625833379389226
11.0,25.0,57.0,0.011700421635231507,0.005012712744683861,0.013846681308649498,0.006987610802393726
19.0,18.0,29.0,0.011993177542912502,0.004911443775882054,0.013430467431725691,0.007220893164291831
22.0,22.0,31.0,0.011928183187001036,0.0048993582389265005,0.013777037992649241,0.006684664352432455
25.0,50.0,56.0,0.011890048956916876,0.0051421117904706755,0.014309311767229512,0.00889999310822351
25.0,29.0,35.0,0.011715022200587656,0.0048886389185463,0.013667753833311402,0.009613611916106024
26.0,25.0,37.0,0.011789760988826968,0.004958063590097653,0.013725120723474891,0.006823167970301934
27.0,32.0,26.0,0.012417310432538282,0.00502274231221382,0.013914298292728234,0.00817940762446697
20.0,28.0,50.0,0.011830785383448488,0.004982847522014487,0.013726694078787892,0.007645544471746526
8.0,14.0,62.0,0.011793023025931416,0.004989545237686558,0.013899087268262729,0.008865231430759301
32.0,46.0,30.0,0.012229130935265193,0.004699633882889799,0.013622059690656912,0.007132476194294093
24.0,25.0,32.0,0.012126937908116735,0.004758298947776653,0.014181021595579798,0.00695094626560815
24.0,32.0,36.0,0.012157795578845788,0.005146210137924575,0.01434955372418004,0.006501927764086432
33.0,45.0,29.0,0.012052271708410757,0.005106997430165199,0.01413229692368848,0.006275637119535454
5.0,9.0,60.0,0.012300775005207673,0.005042736619008158,0.01353213984601128,0.007182055413719892
23.0,30.0,36.0,0.011926781715166474,0.004826157268586822,0.013507686240577792,0.007098416613525906
24.0,26.0,36.0,0.011842045052140123,0.005114332750278686,0.013317569072389294,0.007853484489452044
18.0,28.0,40.0,0.01225986584956883,0.0050181311503417906,0.014016961405166764,0.00736769756306131
23.0,30.0,39.0,0.01200350095155005,0.005150804840033556,0.014098196309563391,0.007102350272603047
12.0,10.0,37.0,0.012187279743244659,0.005224706258277357,0.0137128993978529,0.0075443809299057234
14.0,16.0,64.0,0.011474866131090463,0.004776595592497135,0.012919198084271642,0.007096358967582361
15.0,18.0,37.0,0.011815235513395429,0.0047581845989908295,0.014818741128992848,0.007999939966316533
23.0,12.0,16.0,0.011800683765143498,0.0050006807449988755,0.014159642204178848,0.00785356341020259
15.0,18.0,42.0,0.011686075026680849,0.00505307854567706,0.013532227668557323,0.008905121163970273
11.0,16.0,48.0,0.011995184201652777,0.004956171635345518,0.013690824175952226,0.007751310765417914
14.0,29.0,58.0,0.012057278827998922,0.005059738167105302,0.01375931387017768,0.009816589209233771
19.0,15.0,36.0,0.012470310172104926,0.0050751010471910855,0.013379968651903407,0.00786268386863756
24.0,28.0,37.0,0.011971998406866328,0.005021614514631362,0.013997779060209627,0.00721416267456818
14.0,13.0,28.0,0.011798065135273038,0.004887254725367136,0.013289536468186638,0.006907556030065538
20.0,18.0,41.0,0.012344028479230787,0.004926274518872821,0.014564661946476154,0.006946404391613458
30.0,50.0,40.0,0.01188776818707208,0.004968940773868685,0.013852469070817759,0.007473108518296625
12.0,10.0,30.0,0.012270964407150841,0.004676462603805554,0.0141033979637287,0.0065942068249432535
19.0,26.0,55.0,0.011713455455759712,0.004957349222675564,0.013613996166191793,0.00844513939708863
29.0,44.0,30.0,0.01203999869768317,0.004790226769926872,0.015097240516225215,0.006327486594173276
28.0,33.0,27.0,0.011861329896096591,0.005235996137649153,0.014486384709999932,0.008440087471952165
24.0,37.0,39.0,0.01170968116860647,0.004871882898677154,0.013284259584716348,0.007028841461671299
13.0,26.0,59.0,0.011749747073071,0.004941637624226869,0.013192237489872912,0.007742829779764566
13.0,11.0,29.0,0.011600453974100372,0.005315806530261344,0.013655653133970738,0.007295795220593428
24.0,24.0,27.0,0.011931434247699985,0.005340617773230738,0.01383392113919125,0.0072542721247022095
21.0,57.0,45.0,0.012001774891717122,0.0051230572015541894,0.014466766041873375,0.007406196691698794
19.0,21.0,37.0,0.01218149581390581,0.004911207865827612,0.014299062137980203,0.008068624242939592
26.0,16.0,28.0,0.011998029125348895,0.004813374665354375,0.013253348497288542,0.008161195992125687
16.0,22.0,51.0,0.011966752685395531,0.005092054087686278,0.014523231851814478,0.0091493076909441
17.0,17.0,40.0,0.012089702469969007,0.005237757296061631,0.013857888691311509,0.007030740960257854
21.0,21.0,31.0,0.011670823671104323,0.00487151716811222,0.014023189212060623,0.007473779165780202
18.0,29.0,51.0,0.012194405139092252,0.005000749737119952,0.013961186372103751,0.007443620703559784
16.0,16.0,52.0,0.012293794500874613,0.005066867116937172,0.013092264879594364,0.00779748069435248
23.0,32.0,46.0,0.011930302577241305,0.005055357683860795,0.01361142219775493,0.0076768909721062675
25.0,33.0,34.0,0.011871007848189726,0.004993894101625297,0.013616903201536287,0.0070906517008925704
9.0,17.0,57.0,0.011900821338901269,0.004958927200918933,0.013194302522386032,0.00766743145770378
22.0,23.0,39.0,0.011947511991619909,0.00513611290568575,0.013715857329140168,0.007779922025219217
29.0,25.0,20.0,0.011804411848620744,0.00489944615846296,0.013092237136175916,0.008384064115869734
14.0,10.0,35.0,0.01157964485279168,0.005069803598975662,0.01252596377457095,0.006767739646549929
24.0,23.0,23.0,0.012031268339214885,0.004822305700886154,0.013457427956703143,0.006688505953595402
20.0,19.0,35.0,0.012310088554825968,0.005140546846261232,0.013948076430671974,0.007301843001357191
20.0,21.0,36.0,0.012139331838199385,0.005125966854052028,0.014873285657581253,0.0067064943297463365
33.0,32.0,30.0,0.011970351664997176,0.004644238743869677,0.013588210415642722,0.0077521595819778685
22.0,27.0,47.0,0.011899460905229038,0.004797575922970664,0.013890461801053279,0.007912755999128693
28.0,33.0,43.0,0.01200056315674955,0.004887107492304632,0.014286954102379356,0.00737263003647042
12.0,23.0,64.0,0.011983077411472207,0.00502739001202418,0.015000945380095831,0.008016125922041352
17.0,32.0,46.0,0.012094069490329571,0.004942250666806864,0.014163446675370887,0.0069623231369935965
26.0,29.0,41.0,0.012157640657012464,0.0049679242552335,0.01400199955730698,0.007380498213906625
25.0,28.0,32.0,0.012293917486024302,0.005000607917910668,0.013765432540761213,0.0068712109777200325
22.0,17.0,24.0,0.0117705310393374,0.004997586867860566,0.013067561317752684,0.006741052789542985
14.0,12.0,34.0,0.011712511177584229,0.005302550288032955,0.013138399784650326,0.008938107273123186
19.0,22.0,41.0,0.012220797111914473,0.005115299203108049,0.013691811011264012,0.007380005196075472
15.0,15.0,40.0,0.011827882863255356,0.004834170755798136,0.01444776928379391,0.006358217232347964
24.0,28.0,34.0,0.011793889052158614,0.0050196881989930464,0.013749137044102978,0.007098368030937922
23.0,17.0,29.0,0.012144047487502344,0.004581810936193427,0.013692719284142786,0.007527436717368781
26.0,44.0,57.0,0.012093354137078592,0.004883012547748967,0.013854957338208938,0.00702998960610628
